,29313.0,29314.0,29443.0,29317.0,29319.0,29447.0,29448.0,29451.0,29452.0,29454.0,29455.0,28948.0,29460.0,29465.0,28955.0,29469.0,29470.0,29471.0,28960.0,28969.0,29226.0,29227.0,28970.0,29231.0,29232.0,29234.0,29235.0,29236.0,29237.0,28852.0,29239.0,29240.0,28978.0,28979.0,28981.0,28983.0,29245.0,28862.0,29247.0,29248.0,28863.0,29377.0,29378.0,28868.0,29253.0,29382.0,29383.0,29384.0,28993.0,29118.0,29126.0,29390.0,30160.0,28881.0,29395.0,29396.0,29397.0,29399.0,28894.0,29414.0,29418.0,29419.0,29294.0,29424.0,29427.0,29428.0,29429.0,29305.0,29308.0,29310.0,29311.0,AREA
0,1.2215767634854773,5.562584573748309,2.5960243667842255,18.526577638125165,13.03782957585021,20.809175801867642,10.197208303507516,21.85434956105347,15.810787671232877,7.192873303167421,10.579764121663564,0.7576254509675303,3.944535519125683,9.763340263340263,0.8009966777408638,2.2812760055478503,11.068205304857045,5.045913383262781,7.7690645260882985,0.5666666666666667,1.585670731707317,5.7923780487804875,1.8246083301490257,1.3009274064598657,4.340467473951,5.645707831325301,1.1845657276995305,0.002574002574002574,2.894867256637168,2.777611044417767,2.9253776435045316,2.1234491315136474,1.619181946403385,0.8241379310344827,5.380133993591611,2.493849384938494,0.7880029806259314,7.823624595469256,6.427754479603507,2.621072088724584,14.69910897875257,9.455118694362017,9.366202090592335,4.560769750168805,2.2096491228070176,11.165588123334603,13.237100737100738,6.936994703094508,8.612072138387928,4.631609529343405,6.751476959432847,7.213487332339791,0.3336886993603412,0.035757211538461536,1.6529899607158447,2.2895432238580598,6.2550892183965825,13.383303085299456,0.7042723631508678,21.160493827160494,5.242075664621677,18.835781913157035,2.7964815453604692,7.5528999362651374,7.691618682021753,11.280021834061136,4.604852686308492,4.899784946236559,3.2005955603681646,5.36010760953113,14.203824247355573,11101
1,0.6223990208078335,0.69025,2.0863274656378104,1.265536723163842,1.6322246455834242,0.49571064224437744,0.3171494061262763,1.2589863808885913,3.9381281407035176,0.00023057412958266084,0.22798582995951416,0.057882711348057884,1.472437729685586,0.7363982589771491,0.089787345760042,0.31448763250883394,1.0790947270181988,0.7481224725592144,0.30520052886734245,0.4889793150220414,0.5380669546436285,0.36492397417204747,0.555037647902474,0.0,1.0191864927091328,0.2592246613731901,0.01782178217821782,0.1736543909348442,0.3926640018810252,1.9564619615032082,0.009503940658321743,0.42134831460674155,0.15769308328291995,1.217644207464857,1.0250195465207192,0.7458188153310105,0.005891016200294551,3.1387466471592296,0.01138663967611336,0.12352780060257464,2.3168337956048646,1.0019074868860276,0.8701086956521739,1.1595238095238096,0.023809523809523808,0.30835185773261353,0.10430499036196188,2.0273051048674318,0.3164143662807955,0.8828895463510849,0.8782670120084766,0.7687457779779329,0.8576117142135824,1.0791227096057745,0.03646200893907316,0.3308858360966367,1.0416096893924596,1.0756354618722876,2.424593395761459,1.525456665371162,0.022970206959290425,1.5227655986509274,0.05112219451371571,1.2706459525756337,0.062250996015936255,0.35877862595419846,0.19424460431654678,0.04858177429088715,2.183233532934132,0.6352201257861635,0.9751013317892299,11102
2,2.245403472931563,10.373385738349242,0.5425531914893617,1.5297356828193833,4.5150200267022695,7.611456363145096,3.815369261477046,1.635186819652839,4.034276126558006,1.1254536029030586,3.0023605783416936,10.249207721117834,0.9094742063492064,6.094050743657043,13.037759756715662,6.699326221224031,3.863157894736842,1.6160794941282746,3.5522911051212938,0.8184265629673946,8.404374127501164,0.580884109916368,13.360648553900088,10.715892771661082,0.9268929503916449,28.23977086743044,0.07306779213927724,0.6807760141093474,0.0862895493767977,0.20580152671755725,0.9280936454849499,1.8426252646436132,0.8706302628221485,0.05164570511105165,4.1735783461633975,4.4374475230898405,5.507280910775748,0.7189265536723164,2.3366708385481854,1.0765164162493044,0.4483560278977084,2.4671052631578947,5.991965389369592,0.6005375030539947,12.294868455326908,3.5860517435320585,1.8720416124837451,0.7111980238781391,0.7553884711779448,0.343646669815777,0.1081376297105407,11.821508255243195,6.148332358104154,0.005656108597285068,1.0614593535749266,6.679962311557789,0.4903918143249314,1.924547540147846,0.30418994413407824,18.066961465571698,3.4,3.585344057193923,3.5070607553366173,2.078221269756228,2.081345214141995,1.9530764449968925,10.193470698421194,10.980802194034968,16.59535144217306,2.3908045977011496,5.310758263123785,11103
3,3.160688956433637,1.810148514851485,3.154299175500589,6.252757352941177,6.974500344589938,8.178809469087566,4.264333781965007,4.939727954971858,7.236568457538994,7.117151399836912,2.462166172106825,6.626275510204081,7.09292164287795,6.459729864932466,0.7995594713656388,2.3354208416833666,3.1123264619267985,4.12070410729254,0.3786235456517452,0.709513936880903,1.1279095544225228,7.804801670146138,1.3814602132895817,2.915273643233341,14.76281047214142,6.930795847750865,2.554846625766871,2.5599451303155005,4.694320858414028,0.046898638426626324,6.532219089810713,6.4538771638605645,0.022591486183719194,0.5708529214237743,0.0654158215010142,0.6544561933534743,0.6810985460420033,0.015642151481888036,7.5038067734313465,9.235281290885304,0.0,8.281224152191895,5.822309006590188,8.20867469879518,1.7179624664879356,3.9209569957601453,3.5365703749231714,1.3853595614317962,0.27934227934227934,7.7835344215755855,3.0682377049180327,6.4260539817086775,1.5441696113074206,0.28233231039017975,7.457854716065362,2.3145258103241297,4.683220927856121,6.929723502304148,2.1254480286738353,9.658257869771454,7.098099325567136,7.144150758688204,4.856498873027799,4.0749103186326225,5.211496149614962,6.484378843788438,3.3504473796335748,0.5341808587191172,12.865615141955836,2.7618340449229626,6.171637591446258,11104
4,0.8613428684942391,6.317359855334539,0.8105387803433984,3.0345360824742267,5.142252604166667,8.534490055014812,1.234948604992658,8.513429752066116,9.61671469740634,0.7645904855321236,3.8177676537585423,2.387038703870387,0.566722972972973,9.968436687708875,0.33913412563667233,1.5841963943229767,2.8230698529411766,3.3807266982622433,24.839437819420784,0.36327739387956565,1.1019664967225056,6.622516556291391,2.247148288973384,0.5512765036780615,4.414017617770969,3.2511097019657575,0.8515681983953318,0.0,1.433996383363472,6.719180633147114,1.9799498746867168,2.674698795180723,4.912914030517306,0.26610978520286394,23.31446540880503,4.538372985418266,0.3159655831739962,34.2873911397198,5.378984651711924,2.0082612116443745,25.460397971127584,4.319108582266477,5.541385135135135,0.6973376926669781,0.5480329368709973,7.506403415154749,8.51389566065334,4.909008601177003,20.867734553775744,2.2750338294993235,1.3399193548387096,2.0292307692307694,0.1619209519762006,0.3594748048261178,1.3430656934306568,2.791155866900175,2.3549977588525324,4.902068126520681,0.11188463451019394,22.51127819548872,5.52670501232539,7.73248730964467,1.0685522531160114,1.9081139172487909,2.919147045757441,2.573176950535441,3.0904471544715446,1.859635517642497,1.2176308539944904,1.2496993987975953,5.478420569329661,11105
5,1.5901420217209692,3.532469836763662,3.2609616606651133,9.015966046887632,4.417057378879214,8.601512373968836,7.085463258785943,9.318745441283735,7.189635749155088,4.007815800591466,4.109076893428406,1.3817535988035148,6.714903181189488,11.251523063533508,0.8957847533632287,5.840693641618497,6.448205318951088,13.881731355415566,1.9752650176678446,0.9038611849304361,1.6466027341358906,8.609325153374233,1.7566001287830006,2.308361336232457,4.6899554475496155,2.6528784648187633,1.566823097327076,0.6120438773225879,6.5297691373025515,8.478354978354979,4.2080778939776415,15.093755656108597,1.9356103023516238,2.041283262869933,1.8917742841100504,3.15080372250423,3.1064977082771636,11.988705123033482,5.579215486500255,5.805555555555555,4.037324386663871,5.171718882303133,7.721017585794775,2.3509894063561863,0.7825743616741248,2.8187092095721535,9.761636717904308,2.4098462494176114,6.654839276304234,7.377444079461911,7.019017694724657,4.635542945576477,1.551969625059326,0.21430086993422448,7.247093451066961,2.7704620462046203,5.772221240501856,5.829851812176397,0.6202710904309124,5.2425653887495525,9.862149144660355,6.69154334038055,5.144063027574564,5.1965874024323835,7.553609181516158,9.809356725146198,6.403764954257565,7.5766464799394395,4.937067088858104,5.06056338028169,5.858094864758918,11106
6,1.9551031790295594,0.3294498381877023,4.070819112627986,3.81064572425829,13.599111828825192,7.234831460674157,30.76803250931256,6.10183299389002,12.546677215189874,2.3558091286307055,6.820376286829961,18.319390287132222,2.775101763907734,8.763543441226576,0.01674641148325359,18.47099958864665,16.182867132867134,6.265381764269829,0.1569362613818961,0.09673326990168093,0.40522875816993464,6.398206948076204,0.025760286225402506,2.173706896551724,7.461878453038674,0.8101746393318148,1.8172549019607842,1.8392802683745044,0.5704504504504504,0.318359375,4.186709886547812,15.72818035426731,0.010482758620689656,0.13341493268053856,0.5964740450538688,0.18940137389597644,1.7654320987654322,0.1723388848660391,9.755634114007954,8.564313725490196,0.08562555456965394,22.097363690832832,6.151537606520933,2.403522205206738,1.29941467807294,4.25306392845313,5.498011489173663,12.04019807748325,0.4380952380952381,7.765098634294385,5.564632885211996,7.560913705583756,0.15933528836754643,0.05561861520998865,2.8889264010803513,0.2881780250347705,3.328707986432316,3.0361742943272128,0.009826152683295541,7.101537475976938,7.878147482014389,13.681606310505558,20.932683790965456,3.7825489522500857,3.185040765685927,3.124543795620438,3.919954904171364,9.706945765937203,12.014372822299652,2.826929855481142,1.374065648358791,11107
7,0.9703378192804175,0.3354525056095737,1.7986161689730518,1.7653342522398345,35.57153284671533,3.1867937853107344,14.004729530002956,2.7332436069986543,12.974830954169796,0.5765702187720536,4.607395993836672,13.595170899968641,0.8386806596701649,4.151640759930915,4.947248453272549,10.185455810716771,20.746182656295016,3.211168164313222,0.6751883745963402,0.5215586074736506,1.1607658959537572,5.310180080852628,3.456157011712567,3.0131326073030107,4.153760652093368,4.939404804589459,1.044793152639087,4.7368421052631575,0.262170790103751,0.0,4.982167352537723,8.404131697869593,0.3683263347330534,0.9109173616376043,0.33310281235592437,1.4902835297865562,2.9114151962549513,0.0,8.021448554553933,3.842479018721756,0.15447991761071062,13.967493112947658,1.5108310358408823,0.011973999315771467,1.0653101411224155,16.09259259259259,2.686662412252712,35.425588235294114,0.019734904270986744,2.9805255023183927,1.7342413683877098,7.3984,0.9281008307075337,0.0,0.6442357850808555,0.19798994974874373,0.5707196029776674,1.5799701046337817,0.0415312387143373,4.6968855997533145,9.568776930725887,11.942622950819672,12.911368015414258,1.1466615206483983,0.5817686250757117,0.8339363241678727,0.9176897321428571,12.146444879321592,18.932626797880392,1.9353910541459587,0.33636934673366836,11108
8,1.470029239766082,2.429742388758782,2.192193466270683,1.278879813302217,2.888506876227898,2.285111281657713,2.1716216216216218,4.954205607476635,5.522920203735144,1.6980099502487562,2.6973940101127964,4.427445255474453,0.8772547294324681,2.5279620853080567,17.527073337902674,2.3744782349433513,3.469833564493759,1.7996722654649733,13.669324827219564,5.453992703688691,5.3554880364603115,5.238451935081149,6.59731182795699,5.357375713121434,4.9688826025459685,3.908454810495627,1.969579646017699,4.675548589341693,1.173164097914778,1.0296703296703296,4.800921658986175,7.728091236494598,7.935568132346539,0.4477547495682211,3.2059519783564423,9.425088877602844,2.3533163265306123,1.5738095238095238,12.21602787456446,6.677742375967228,1.649500788229112,2.823240589198036,1.5293764988009593,0.4346172135045174,1.9847890088321885,2.8073752711496747,3.2047986289631534,4.43331246086412,5.02368932038835,2.4214517876489707,1.6476365868631062,3.8626506024096385,13.757984031936127,3.415326902465166,1.3369387086201245,1.596808969383355,2.1328052190121154,3.0907335907335907,2.5206335973322216,1.7212286158631416,2.3246129204484784,1.5603290676416819,1.4288545382481173,1.7805724197745012,0.800187617260788,2.2849486377847255,3.342673229837183,2.685487634157723,4.993400791904971,3.4245247856876633,1.8601864181091878,11109
9,1.4400749063670413,3.5447316103379722,0.8315412186379928,3.3255512321660183,2.739687055476529,1.9408866995073892,3.2928571428571427,5.425592417061611,5.384937238493724,1.6352941176470588,2.9643167972149693,1.864986498649865,1.507,1.2032332563510393,2.4712041884816753,1.18955042527339,2.710714285714286,2.20021528525296,21.42271662763466,2.0356415478615073,0.43342776203966005,47.09884678747941,0.5962099125364432,3.1607142857142856,49.46056782334385,17.441887226697354,7.334375,8.1792,12.701456310679612,8.549787234042553,19.28099173553719,17.38270469181233,6.514612452350699,2.6983523447401776,2.331955922865014,3.703771849126035,0.9759326113116726,1.1812154696132597,24.895255147717098,7.620111731843576,3.3783783783783785,4.507425742574258,2.6016666666666666,1.2969215491559087,12.832599118942731,1.772300469483568,3.0742407199100112,2.884136858475894,4.359493670886076,7.010341261633919,1.4534632034632036,1.6190009794319296,2.104903078677309,2.599394550958628,2.172067901234568,1.7536115569823434,0.8704663212435233,1.7280071813285458,12.042269187986651,1.1336405529953917,2.5303354746609563,2.9625468164794007,1.2861570247933884,1.6622754491017964,1.9049951028403527,1.8433367243133265,1.4675701839303001,2.8990042674253202,5.06905055487053,1.9433249370277077,4.648322147651006,11110
10,0.9710144927536232,1.1778831900385414,0.1670845680419421,4.858675373134329,2.6551823972206137,3.868283776734481,7.456318252730109,2.9205219454329776,3.4708254269449714,0.001585204755614267,1.6207338978701564,5.093330134357005,1.6456009913258984,4.416181229773462,1.574805598755832,4.387352625937835,5.356748620170597,9.069908814589665,8.114221724524077,1.4660493827160495,1.0725474031327287,9.141443084136494,0.13807266982622432,1.1227614095898324,8.449987711968543,1.3879562043795621,6.549195837275308,9.491889063317634,2.6293016194331984,33.292950236966824,3.216455322913595,5.111918604651163,1.4779167730405922,0.20471650777722028,1.1725175526579739,2.3085550339071466,0.27417218543046357,7.8811513463324046,6.93139431616341,10.00442216981132,9.64169381107492,5.960968558005059,3.081758845757472,3.640449438202247,4.614632701421801,2.25726419311578,10.9726867335563,2.423286180631121,17.900796080832823,8.30390607360578,4.135780229678001,3.1114965312190286,0.9625823451910408,14.734143049932523,5.764503159103963,0.6461606550121708,1.0859194665298795,3.2258758451137064,19.214181072370348,1.8206083178150216,0.004955401387512388,2.613481534600215,5.185679611650485,1.2470850905482511,0.01047789419882443,8.362933458294282,0.4237086407998096,3.8823722149410225,1.391158365976497,5.336283185840708,1.8168968840346933,11111
11,6.746396490495091,9.479124351162266,12.979465138490927,40.857826997904816,18.652236307103564,35.90405616224649,20.003911806543385,28.738239312902596,29.199644850329783,25.55162081176791,13.924847346171912,7.863411341134113,20.034889316650627,26.40854242482283,2.492223238792315,16.47825308752461,18.83412108935404,17.50914205344585,0.12697506186940796,2.2661290322580645,3.418145956607495,7.067823704042019,3.315775950668037,4.436450167973124,15.218208807521028,8.32406602953953,7.739468405215647,3.8149513912168955,6.183957732949088,4.817712811693895,4.507385778083133,3.3505598621877692,0.0014852535539995756,9.06150442477876,1.8180139515798113,6.0101677681748855,1.1122890523582865,3.588976767177459,5.410063752276867,18.36288247068916,1.1712226640159045,29.453333333333333,24.29985443959243,18.43945267958951,8.327953890489914,6.403002534607136,16.41939944685895,9.50458085203848,1.6046275108060004,20.425433293027005,20.730419837957278,17.858333333333334,3.119144385026738,2.610501398751883,15.738414232374259,7.113528009535161,24.765227021040975,17.739484080873808,9.148837209302325,26.866030782570995,30.102842003853564,34.606471238938056,13.910044278722909,13.562741312741313,27.35625574977001,34.84996542982254,24.946417998815868,3.3676873857404024,27.667825020441537,18.513871374527113,28.92926613616269,11112
12,6.468582887700535,28.521658415841586,3.5589980224126565,20.48779320248923,10.329188481675393,18.655413271245635,14.07909604519774,12.87066431510876,15.148630136986302,8.873825503355704,5.315819531696174,5.118327974276528,10.043624161073826,12.478559176672384,7.083333333333333,11.770845830833833,14.573848597141344,8.816843826655765,6.51742993848257,6.239877300613497,15.465627864344638,13.243943191311612,5.599471249173827,6.316787003610108,17.337781484570474,5.549382716049383,5.147274206672091,8.002647253474521,16.457751164337992,8.028230865746549,10.368334700574241,6.552631578947368,0.5666243654822335,5.026315789473684,15.396915584415584,8.611691022964509,6.1730959446092974,6.727866473149492,14.406091370558375,18.280250347705145,3.7373325567850904,12.34625550660793,9.246153846153845,10.444132509825941,4.625672877846791,3.4941605839416057,12.115707098937953,12.097193702943189,1.6017569546120058,3.2584192439862543,7.1579315164220825,5.533869885982562,4.553934010152284,1.2150706436420722,12.320415224913495,8.891349480968858,17.329050678087082,7.392777777777778,5.134751773049645,26.414082145850795,17.027365129007038,22.855100095328886,5.736752136752137,10.326259946949602,8.877118644067796,19.48870056497175,12.74133949191686,1.6860632183908046,20.93265183403488,5.762208067940552,30.28232005590496,11113
13,10.454597210361515,15.104877538203894,5.163221153846154,19.98733252131547,9.625513196480938,21.780076854862546,10.839991888055161,20.07654392577559,19.60669344042838,9.611837327523602,14.372284048754636,2.549291528489599,15.205509641873277,10.600044072278537,1.3877192982456141,9.237299930410577,14.197281713344315,12.357061503416856,2.0437147461724416,2.508771929824561,7.261019283746556,12.245235526788925,5.290095411176738,8.73297180043384,29.309638554216868,8.2265664160401,3.201173512154233,3.501187648456057,9.590094339622642,7.834082060497155,10.328164442841688,7.131373449701424,0.1336179295624333,4.825157232704402,5.54232583957813,4.157482517482517,3.6451382268827457,3.620064724919094,11.735936867664913,9.92059838895282,0.945679012345679,14.727272727272727,13.18034993270525,12.66282722513089,8.024314536989136,9.266994887331945,10.04720532869968,16.541195921741526,0.4209627859337658,6.320273348519362,9.935500650195058,6.678957915831663,3.337745098039216,0.9633342126088104,8.086700088469478,11.007276507276508,9.743323908262646,11.265010351966874,2.8397346368715084,12.482614742698193,13.728395061728396,18.905340582027502,17.118010821953106,18.144207399405886,14.370407149950347,19.872634424752178,9.607879347491536,3.441302701338046,10.10641989589358,5.974345905538566,25.514780100937276,11114
14,6.627629092239225,5.985793871866295,7.553584626755359,11.409968665743643,13.334403424291065,14.489417442261288,9.16136576239476,13.50801488478603,12.35868456832087,5.813379270743612,7.490803014342435,5.020156774916013,9.762140111398761,16.52614817298022,0.17773512476007677,8.052302648429896,15.027130639929224,15.792060633348342,1.2904326630103595,0.4212946332351462,1.9621848739495797,6.361650485436893,1.51215722830731,2.443940331339795,5.433990895295903,3.2729636048526864,1.977004048582996,1.1346014053792102,1.2333118064932778,9.916750322673169,5.268817887314997,14.860663218740493,0.8549393500723805,0.5701881331403763,1.4900754822476936,1.973775604224254,4.359261094203411,4.4110963964591905,12.70776004402862,9.470221606648199,3.168848823066466,14.465365853658536,14.32051600099231,6.661843158175514,2.838330571041133,10.204706708816298,20.97089899713467,5.488227577159428,3.5831490490933215,3.734504979496192,6.029780052264808,15.15491469122754,0.20991842922110734,0.04828238260321462,5.815613966261279,3.2477904651312817,6.27084349098001,18.376648681055155,0.6106992739778372,16.10130340333092,7.456451728333214,15.610966057441253,10.65513895015439,6.200801603206413,7.267953448765257,9.465449199102375,5.2837775279412735,2.357199168637569,13.123008552741908,6.600391096796457,7.085461099429258,11115
15,1.3250226281576565,3.1882019864476003,2.062822796081923,2.794846485531716,15.89894857243412,9.509639483323694,12.973192441830202,2.9227079373698976,15.538806662884843,1.35697622252131,8.252424379977716,8.301277293855708,1.5881888667069037,12.806640116127591,0.5347782258064516,9.091021849060205,13.623334443704197,3.8580095334392603,1.963290049769861,0.05241385580507319,2.474785125416594,2.1429388725080316,1.4978958576281498,2.629951923076923,1.4479126024190403,4.095909580193757,0.6409526482498696,0.3875685557586837,0.4167008448855713,5.34816829439156,1.3082270316755051,6.176691051929799,1.8265146006353095,0.13135654609552325,1.285646406652148,1.5160867492850334,1.305982288089644,7.8279069767441865,2.7497865456342967,3.2942723440461,1.667022930431403,16.397864527973717,8.826170976350419,3.651354480203751,0.9291630716134599,11.826806118687799,3.1845062093435836,5.813436186278111,2.5430224884511903,2.265834111422347,2.22755434211908,12.567987567987569,0.42130848693538586,0.01982146944380865,2.030483612193445,3.1319543818568145,2.5201277955271566,3.091582942621121,0.01848249027237354,9.991204690831557,9.367775138558986,14.725396262124438,17.261017287898472,1.5062045700975863,1.4325969233718312,1.9351217043206184,0.9343908629441624,12.02876753810437,10.447136255426411,1.7554165735983918,3.235489387385575,11116
16,7.0067415730337075,10.541755888650963,7.054784514243973,11.76675849403122,12.245580808080808,11.04652466367713,8.754055807916938,6.08340727595386,9.69484316852738,8.026281208935611,5.280614774417452,9.49812030075188,5.596594629993451,9.222337662337662,8.99001996007984,8.817355371900826,7.4394224733207786,9.359036144578313,2.7116564417177913,8.157716223855285,6.301050175029172,19.464922711058264,6.803374432186891,4.969001859888406,30.942456140350878,15.921400264200793,4.623109497882638,6.249305555555556,19.276379477250725,1.5594855305466238,12.26413921690491,5.654867256637168,1.9200626959247649,11.381260096930534,4.095583787053841,9.616596638655462,1.8262032085561497,8.246412666996536,8.627319587628866,16.27942063971032,2.530321046373365,9.883353584447145,8.215320910973086,14.0020964360587,2.566708229426434,5.442528735632184,10.024585477415666,8.657985257985258,2.7523441809156095,12.93199481865285,6.443416996917658,4.4978213507625275,6.223066607063031,3.396862289366647,7.455270150575731,7.586466165413534,6.900709219858156,8.783196239717979,8.122093023255815,10.069940476190476,6.3926111458985595,10.460992907801419,7.320408163265306,10.51636747624076,8.61634435433562,9.68695652173913,6.140720598232495,2.2556097560975608,15.180221210149643,8.725060827250608,12.752405063291139,11117
17,8.114396339317143,28.256130790190735,8.419089413055403,27.466257668711656,19.575745834947696,16.53274139844617,18.011828935395815,13.093727469358328,20.164432176656153,12.469864176570459,12.202312138728324,12.340721137942442,8.20989010989011,11.776612903225807,9.295272435897436,10.885458612975391,12.389053882053458,10.903640256959315,2.7370356748804707,8.064992614475628,6.873388042203986,7.050030138637734,5.452984464431725,4.236311239193084,15.846965699208443,19.62828947368421,10.095982142857142,10.90877367896311,13.171619613670133,7.191624790619765,2.5922656578394285,3.168943533697632,2.256639722863741,16.027003484320556,6.747100515463917,11.469767441860466,3.489957963568426,21.448601811736903,6.327586206896552,22.940018315018314,9.435675675675675,12.527799530148787,13.295577473751193,23.34575193094048,4.743325526932084,7.296234028244788,11.60982025427444,16.87943047561345,4.5687037757882445,24.411062475129327,16.57490306661967,11.09936766034327,11.759109311740891,5.682261208576998,10.474124075859852,21.413201068294544,11.489946655724252,7.872368421052632,7.988753056234719,26.26241379310345,15.570544554455445,18.965374482499058,11.230523371953655,12.08628841607565,16.09485407066052,11.912714228776405,8.904052936311,10.51685393258427,24.119126896041436,13.711501719526176,31.106159420289856,11118
18,1.2025415444770284,0.08970782557627367,0.47556731170819994,3.520006724949563,3.189321300996428,1.5716256899147014,0.13597359735973596,2.357429718875502,2.6016162310866573,0.017094017094017096,0.9592786503781268,0.822432716884679,0.598284358459573,0.9209857723577236,0.37606123869171887,0.37470071827613727,2.091496641743759,7.773278560250391,0.2847142857142857,0.14166293476638303,0.3204085165310715,0.23900235663786332,0.07851711026615969,0.001276673354003283,0.31077441077441076,0.05962483251451541,0.16827344434706398,0.14887909561218624,0.003112712975098296,8.048824054778208,0.19764571862540345,0.3397079276773296,0.001985945615643141,0.05012708274498729,0.32799070847851336,0.11141391471625521,0.026395939086294416,0.7154609558631496,1.2209203839638623,2.7762248502534175,3.002086677367576,1.2476190476190476,1.4030124426981008,1.003364737550471,0.16916488222698073,3.5823301367067946,2.0420726306465897,0.9259335884969484,0.14043131261674308,0.44234977276552767,0.14356763925729443,0.8918068498124168,0.25750431282346176,7.6229330860763405,0.05924718032341351,0.16857551896921977,0.17199217476361264,2.208253968253968,5.329044117647059,0.2734522844011895,0.0,1.5329689101469082,0.6532512389247634,0.6954636940702895,0.1635089953829008,0.9079541507467871,0.05574497101943403,0.004876462938881665,2.1192064306481955,1.4822641509433963,1.29052734375,11119
19,0.22996645546030564,0.6839278864595321,0.2,0.9415164909894593,2.3499124343257445,1.132133995037221,1.144855144855145,1.1738215488215489,5.104642014162077,0.0,1.5926312130691693,1.158774373259053,0.2882213972325346,0.9607895438783676,2.1220594762538836,1.9781439139206456,1.1757215619694397,2.3395437262357413,0.8523338048090523,0.4784706755753526,0.02963877740043223,0.6192400970088925,0.0011554015020219526,0.056179775280898875,0.00964095744680851,0.0,1.3113502256161056,2.6565449322938037,0.0,27.972431077694235,0.0047427946005107625,0.28768171384850805,0.0,0.05255209906372697,0.3346788990825688,1.9056094929881338,0.17677024961793172,9.179715798272499,1.195763330898466,1.051821862348178,6.517096774193549,2.2699353448275863,3.361997226074896,18.887323943661972,0.7650273224043715,3.814219364058592,7.991963260619977,0.8591439688715953,9.221482602118003,0.6483486735246345,0.17793964620187305,2.4742943548387095,0.02620967741935484,20.808741721854304,0.49342367477082505,0.022099447513812154,0.24098295679746334,1.110642146517938,36.91519546027743,0.09704406023424428,0.0,1.9143503555268262,1.1682754182754183,0.8333333333333334,0.0,3.665456745311555,0.06203667577058135,0.39497374343585895,0.4279217826284675,1.398395029769609,0.1338055883510429,11120
20,4.95395602330389,5.907441318461794,2.0922222222222224,4.942600896860987,6.129645786075728,24.97138377107017,1.5278035217794255,2.878794135866199,3.5095658572479764,0.889512799339389,5.045123384253819,1.6881790525858322,1.5930438635356667,1.2832428765264585,5.694627709707823,12.898245614035087,2.2630339724184325,1.0671672077922079,3.0980568781366618,5.326308139534884,0.6136448598130841,1.1155754762285897,1.3816435908887896,0.27155923344947736,2.162334555892202,0.4659206510681587,1.574345883854499,17.704367816091953,0.8735609368797141,4.650957290132548,1.3037854289518738,1.3047158403869408,2.7576124567474047,24.84603065660032,10.989059438275637,5.73511580910928,1.589289715438046,6.065311562812396,1.409856190810242,19.363391655450876,5.471960858110651,12.46020424704166,3.1614296351451974,7.0302375809935205,0.48111138191567143,3.227092292424744,1.329931403714238,6.312881732370905,4.4089948686990645,1.0294350059265112,1.778676988036594,14.662232076866223,5.587124193294507,6.319986369057761,0.6859573048699132,3.2918349429323968,2.9583273868988154,4.831818932760615,11.250944187998321,2.3544677086405192,1.4899841475716962,16.805194805194805,1.2198417930125247,13.321016166281755,1.5694026643747314,1.8484778597785978,1.2599451303155007,0.6525673814676373,12.66313893267282,2.611616403382799,3.354995766299746,11121
21,7.892958748221906,11.427220333973695,11.750819672131147,17.819887758681165,6.776238782676551,4.922107521115431,7.448035581912528,6.2615141955835965,9.089251129761136,0.4563905650027427,4.897603833865815,1.4233064233064232,11.82651227789978,13.764643047890333,3.0603932584269664,6.21978021978022,11.51127293096205,10.228212906784336,4.0754716981132075,3.822274417694265,6.103568441594647,10.10262214676476,3.5444959932517923,0.4048647783645383,4.744789887256577,5.009632224168126,2.5619446560040617,3.162230671736375,11.81774144716924,13.304649694929518,0.6985490914213269,4.794317081046174,0.7065180102915952,3.823023218054879,1.427078021417644,2.1415912518853695,0.051680768351246284,4.1973373416362465,0.8595238095238096,4.934127540294324,5.5456412170991225,10.950092081031308,9.179079022171688,1.3327253381972943,2.8517993263605743,7.713640312771503,4.035165257494235,2.7245386192754615,2.4135876042908224,16.370442904489305,14.168413886997957,11.290454811633808,2.91956906729634,4.300808475048787,3.8436389481165603,7.166399487015069,9.580343413634035,12.989152092096525,2.297901821060966,14.356452726017944,0.5613968734241049,13.2571212503151,6.061515093981393,12.95619820733976,0.49060249429123487,10.24509192894983,6.232348453322236,5.863141524105754,11.563928873835733,10.092993832041753,9.063178855901521,11122
22,3.2302019878166077,6.389642758238715,2.033154121863799,7.504820567755758,4.794911504424779,6.364258347016968,1.627078941204029,4.235827664399093,5.576809888169511,1.912566489361702,5.741558908045977,4.919547872340425,1.6194163192376414,5.3913352272727275,4.263636363636364,5.966409927257168,3.8539716501738432,4.989738578060103,6.51105216622458,6.117071180909647,1.2263792010145846,2.2394911504424777,2.0328784119106698,1.7372279495990837,2.9945390298747188,3.8375834851244686,4.302878325337985,19.320567375886526,6.184065135213725,6.522031539888682,2.9679560540169376,4.713194868662187,4.758512310110005,13.955555555555556,8.719181585677749,8.385944115156647,3.2694096601073346,18.558288770053476,7.274525968672712,24.549795361527966,10.224523889074508,5.321976489340506,5.040481927710843,5.56221753540223,1.828259430840503,3.979836651352731,12.899178981937602,4.819864559819413,5.50104781863212,6.015299617509562,2.377421140011068,9.686057540309832,3.9394700139470014,6.099114064230343,4.397965988662888,2.871839581517001,2.8481675392670156,2.6827745664739884,5.8881654538491,2.301302931596091,4.379389942291838,4.153900210822207,4.257643884892087,5.252410335518705,2.956400223588597,3.788481246156999,2.2051282051282053,1.0808052168982138,6.764028776978417,2.8272636151019044,2.8307804522246536,11123
23,6.899655469422911,14.11962665965558,6.216888175985335,17.53596112311015,7.546144626448262,17.255733504164,13.69579409918393,13.868389423076923,16.180187107522748,8.406440866185452,10.218337129840547,2.2105716041794716,8.32171581769437,5.89254981884058,3.9298245614035086,14.560364741641337,10.746635955873439,4.715110356536503,4.862579013906448,3.5307603686635947,4.039072768550604,8.84363329719311,2.2857924244496104,4.406954471784293,13.241777883698761,8.781008997429305,6.1691518549445306,16.406079854809438,10.363411181882519,4.221626035226875,9.44898443995724,9.13163673943935,4.048760884125921,5.693004529441369,8.389013174248074,7.84937337432017,7.1764278799612775,8.822695894392636,15.206425702811245,19.13063840276066,6.854570074475288,14.327100029682398,6.975088501376688,7.876145433047591,5.883669214732453,9.239891369945685,6.192478192478193,8.695635956732563,2.1183291606272237,12.305224304372516,13.00400091449474,8.109749062590135,3.053478325636824,1.4889328551997032,3.5449778606385456,11.044863106532937,7.442130419938546,8.365545155578042,4.149097815764482,7.50401376146789,14.067853770403346,21.01535508637236,5.306003118503119,9.113218592670647,12.207463630613535,25.18563744730339,7.028454304316373,3.345834526195248,10.412518941601585,5.835127038721846,11.789344388146784,11124
24,1.5807777426493834,0.4368770764119601,0.3300079356082077,1.4946312684365781,3.5256022113992365,2.562963795817405,0.1744095797760284,2.5077568134171906,6.33054892601432,0.15206629358588034,2.989329685362517,1.7239159588734914,1.072865083375442,0.9271406817383155,4.929425837320574,0.2233469028495984,0.9853773081438787,1.403515129552455,1.7612183504637753,1.2671282422238297,2.0936440677966104,0.1536319612590799,3.253949753949754,0.1373226844677554,0.6749188799423146,0.01916431039899466,0.33830289476953657,0.8760728805902726,0.0,1.9591549295774648,0.18608253125345725,1.0764502497118709,1.328763155353867,0.0,0.8518619436875567,3.8631006346328194,0.8843537414965986,10.672026098100897,2.1303793063449716,4.706216830932525,2.7579928315412188,1.6503797755356535,1.1582011644248142,15.632883217094525,0.4933493240296555,4.89772143224259,4.6599626788306034,7.476085761407367,1.249217147176331,0.4692918320451222,0.1698813056379822,2.0627570449352626,8.257497656982194,6.761782685860777,0.6406519654841802,0.2480276134122288,1.6006793334040972,2.395211156426786,9.143465477035384,0.5320989158240955,0.24124472573839661,1.8557703573520796,2.1352294070297826,0.2400151190626181,0.12542245587683065,0.9445284921835603,0.8013092029264536,0.17795535261288686,2.537774167343623,0.4372330451088655,1.2756882989183873,11125
25,2.0157472707950923,0.9356289196544788,2.8963372494816864,5.2060507730482914,2.3674669752193616,5.241522491349481,1.5868765071709607,8.321980676328502,6.6331916141328255,3.116020704456508,2.8171285779191275,5.541932319764591,2.098848810437452,2.2623422813108647,0.24043861995185878,1.8948318449553487,2.7418416507590218,6.010610382201939,1.2497029521981537,0.15487110167036786,0.5375267502292876,3.1120280585929443,0.36983471074380164,2.318379685610641,13.621674991288186,1.0396153846153846,1.9511651816312543,4.597680038666022,0.24079390837598302,0.22308263498461864,3.2606407967678286,4.769218475307656,0.8134482449052878,0.0171556013038257,0.1898963730569948,0.6304803755118347,0.6863070539419087,1.4440988959726326,7.577077579713784,11.621476916860288,0.06491640543364681,7.590705043570108,5.670161948036817,1.3990518683770217,2.8327678138633057,3.42489114658926,8.261970443349753,0.6415045840116528,0.007603277857565261,4.008120911346718,3.780186951912884,3.258677774217665,1.2557013632309848,0.009808057371862477,3.114021164021164,0.7917848632701691,1.9497354497354498,7.151609442060086,0.03446254835306529,2.54170410914141,2.314452709883103,2.5425813124928167,3.414587613736425,2.0693430656934306,2.9601769911504423,6.14141876430206,1.6889466518133431,0.12338308457711443,3.374195659286727,1.522867832328014,2.5502307046979866,11126
26,7.709532029152283,14.809546019900498,8.729399367755532,9.38627364716234,6.312162162162162,5.381813737472501,1.8306390365628729,5.914457228614308,6.703996282527881,6.511122345803842,3.597518610421836,22.671766539169855,10.827292601541824,8.266938415776137,19.804310344827588,5.696115672099007,8.754615642833166,5.453360215053763,2.9044426919032595,14.512826063426777,25.856906750173973,0.22151898734177214,16.285805954825463,1.032137982379948,0.524718753225307,1.1886510701841713,0.20375366568914957,0.9984894259818731,0.009972299168975069,2.269935270623881,0.39749780509218613,1.1382577919853865,0.6487174822630526,0.0,5.000112777715123,18.20666262870987,2.1150605581885205,9.800734494015234,2.1204238921001926,1.0066580756013745,1.0207156308851224,5.05181720043181,3.2706697459584295,4.947213290460879,7.727060046789706,3.7677540415704387,3.6387750455373404,5.52171680870726,4.106721065063345,0.09247388414055081,0.10797109265451407,3.0997597528886853,19.50557620817844,3.5408645114420634,7.622309445429223,14.576482102908278,15.012757605495583,7.617342460944356,8.323398692810457,11.263039568345324,7.059151307329619,6.301351351351351,2.557446808510638,9.898242952850461,9.538740043446778,3.4446923438233914,25.498995227329818,5.937068188645239,13.03328376987304,9.32047260560435,10.53624025411493,11127
27,0.7486946651532349,1.5511221945137157,0.8070320579110651,1.5383986928104576,3.974190520882215,4.724589436307146,0.7676203768318214,1.1280039234919077,4.697846421579291,1.6213305541080423,1.478483606557377,4.913221360895779,0.5957062600321027,2.665807876334192,2.2915236787920383,0.95997814506215,2.1905526992287916,3.414181732801127,2.1056624722427832,0.05047245909195667,2.8541569902461683,2.039420485175202,3.6354552183567725,3.1389215521585756,2.991330012912747,6.242898411169957,0.15199001525447234,2.795209413083065,0.03502789832610043,0.11606441476826394,1.867759730309531,2.202981029810298,0.5058756633813495,0.0,2.1831726555652935,0.654458928201945,3.1356177606177607,1.400821815465073,4.698756593820648,4.149005681818182,0.043950959981494335,4.72108843537415,3.425625920471281,0.2194363459669582,3.4019191442504324,1.2930271750579314,3.106901920083031,0.49161041465766636,0.28211547488655925,0.36328571428571427,0.3963724839637248,3.4644098810612993,3.3805280528052806,0.0,0.6226182074805928,4.039331896551724,0.19077306733167082,1.9648929123426806,0.11138261046630014,5.468479827089337,1.915164544402183,2.594635848233755,2.360707093309465,0.5678985348786355,0.8462083628632175,2.3684527393136663,1.8489132728423718,0.9226023555804823,5.6146841206602165,0.569756465924108,1.510240427426536,11128
28,0.44371615844970075,1.32375040836328,1.3073296836982968,3.206371191135734,4.5651868748903315,5.2960885821110155,4.812569433423266,2.719063052445492,6.095593220338983,2.533151059466849,1.9120274914089348,2.3861346231358325,2.1655308193245495,4.516814159292036,1.0056657223796035,2.668411867364747,3.206916343808294,7.293430656934307,1.125962426855559,0.01718569780853518,1.1039182282793867,2.1632678284513656,1.81631254283756,6.3623351108616335,3.1818416968442835,7.156037067320796,0.7394491337183474,3.4508961635313287,0.22918918918918918,0.002663675872704332,2.5560321715817693,4.868678191774938,0.32104740630429385,0.02642167381974249,0.8094400865566675,0.3773606901375612,2.7592510031208204,0.2793873643905552,6.859540169133193,4.569252402156081,0.020175164216452924,5.388691383104791,5.369218989280245,1.2071138496008962,3.8941401648998824,3.6683295783714196,4.787244169443122,0.5525453629032258,0.014515584561719365,4.174223723528647,2.138644842941389,8.096666666666666,0.6809954751131222,0.004050845090096383,1.933063905026522,1.3076287524098045,1.4294879272133443,2.4983160258209374,0.5122421724291438,11.243363446838082,5.861492046077894,3.0173275574808396,3.5128626981752915,1.6618993852716095,2.0960025180988353,5.269727626459144,1.2009630363971109,0.5445169118762324,8.53237750118166,1.0832425892317,1.0448318804483188,11129
29,1.7335822817409219,20.32538287722822,3.7333094041636756,3.1637206970038863,4.924792139077853,2.6514665190924185,6.462553575456801,2.8230116315624016,6.481121599111605,1.7543387924712783,3.129444870810949,10.736505681818182,2.913070283600493,2.957933740191805,32.26807659331237,6.399716604405513,2.168772049618755,3.2161016949152543,12.257522895769734,16.129372866894197,14.119356232447613,4.739761406961013,7.370614613558428,3.2336943996312515,5.122019230769231,1.5193225558121632,1.3018383924754169,8.828324773248825,0.5866462010744435,3.841158279448974,4.821380697050938,4.86268689533861,5.85791916676101,0.05369226243012651,6.2795645719940625,16.666493641318453,2.8177508269018743,5.548129105969723,11.651635963706351,3.577745890947039,2.1258335749492607,3.659256645495178,3.0451693851944794,1.0706172839506174,6.249418206707735,4.45892160817534,4.440788049361333,5.132156782269649,15.722427086825343,1.697296708088075,0.506092916984006,2.840240717610991,13.421018780550552,5.856909150398081,2.5496362618914383,6.623685235683677,5.384415865124824,4.101168782204349,12.252247623940406,5.00297773174521,9.908721651810898,2.814596126594237,2.5672983815188823,2.917617650255407,3.268054729327781,2.4072623173120387,12.114559089733644,8.899612965650702,5.262236906510034,7.015849690353732,9.77299140980293,11130
30,3.0176046945852226,4.466639377814163,2.759310074480596,10.044251626898047,3.7028663706096085,4.579570363875493,4.5933032355154255,5.742348754448399,3.1708051166290443,2.9455652835934525,2.996598639455782,0.9936861094407697,4.687015177065767,2.957885564914319,1.3277797899311843,7.6424501424501425,4.004261913986827,2.560888252148997,1.8497730086669417,1.0130280300039478,1.5955882352941178,7.662325285895807,0.5999211667323611,0.9139743090696769,5.957078313253012,2.831287128712871,2.1557692307692307,2.471604938271605,5.759851070431275,1.3867743175701652,4.010573534123679,21.135902636916835,2.0551750380517504,2.0093283582089554,2.668696275071633,1.7349350137849546,1.8517324738114425,2.851888341543514,4.001836547291092,14.19591968911917,2.7817811012916382,3.3126410835214446,2.791946308724832,4.571311475409836,0.7256763170384433,2.4393338620142746,4.6492969396195205,4.785358919687278,1.512092873266688,2.5393302180685358,4.089739359947212,2.334552845528455,0.47596532702915684,0.3201803833145434,2.2782477341389726,3.5292397660818713,3.734687083888149,3.306122448979592,1.6300813008130082,4.260869565217392,4.593998775260257,6.982159335589049,2.2384052074857608,2.593398058252427,5.154323541580472,8.251207729468598,3.946969696969697,7.824807288016818,2.6422360248447205,2.0385144429160937,5.843967150979154,11131
31,1.3653023824068418,9.74037874160049,2.4021164021164023,4.038442336495257,3.6381418092909534,3.3878887070376433,2.561618062088429,2.1972318339100347,4.291981845688351,1.85856754306437,1.9627163781624501,2.6322033898305084,1.6030085022890779,2.5842696629213484,4.237918215613383,1.8593200468933178,0.8452088452088452,2.5060240963855422,0.9931558935361217,4.124862486248625,2.208910891089109,4.660583941605839,1.9150871872630781,2.948905109489051,6.910842047330765,5.3610648918469215,2.3317757009345796,5.466981132075472,12.18189438390612,1.6913861950941245,4.063893016344725,9.766773162939296,1.5346778160354155,18.51008645533141,3.7153253424657535,5.080231596360629,1.356060606060606,6.648514851485149,9.233390119250426,23.96694214876033,3.2331902718168815,2.1185527328714397,0.8853267570900123,7.050264550264551,0.2980132450331126,1.46286701208981,3.216089803554724,9.1715193223928,2.8596730245231607,4.2839912280701755,4.766666666666667,1.2862453531598512,3.1144465290806753,4.677599441730635,1.316811788345613,8.28826530612245,1.6668597914252608,1.0870253164556962,2.6614583333333335,1.1428571428571428,1.6666666666666667,1.7487437185929648,1.9094736842105262,1.9818548387096775,2.268712574850299,3.617610062893082,1.3911082474226804,4.88,3.0726520968694624,2.2798283261802577,5.9518779342723,11132
32,7.671656204732013,8.274659863945578,5.4843121480289625,13.822884012539184,6.681849551414769,14.77125748502994,6.762338648443432,6.282769991755977,14.643570952698202,7.605263157894737,5.118778280542986,10.613829093281147,7.409368635437882,5.348993288590604,3.246001523229246,3.9474885844748857,9.59988109393579,6.398967075532601,2.2105011933174223,1.7785714285714285,7.165545087483176,22.742694226657164,3.6495297805642632,5.965951147298298,24.59772911597729,13.554101221640488,2.9161554192229038,3.9236311239193085,16.669897377423034,0.04657687991021325,6.252112676056338,6.490196078431373,0.37514188422247446,3.1397205588822357,0.619960343688037,5.821843532145624,1.035658914728682,0.2821969696969697,7.5295091009376725,15.608044164037855,0.007741935483870968,11.308681672025724,8.462662337662337,7.505934718100891,6.005060728744939,8.58920704845815,7.734782608695652,4.926008968609866,0.27530077848549184,7.373608903020668,7.695758564437194,3.7793904208998548,4.357266435986159,1.0438527799530148,6.744428969359332,10.834645669291339,9.751883475640382,13.834415584415584,1.5377456049638056,8.6275,3.9168580615525954,14.017857142857142,5.5653871177618734,9.418238993710691,9.14360902255639,11.355633802816902,7.123872519542995,2.2318725099601595,12.736730360934182,7.666284403669724,17.136802973977694,11133
33,5.047379153172604,10.299122214719784,3.5244219874444953,7.490552111012696,6.5597307908020195,5.722719141323792,7.2491331021605765,4.73637871634554,8.650279032686687,1.8348045397225725,5.494434825624536,6.72116493656286,4.779259469428288,9.118042428061331,5.699565883554648,2.207081225825647,7.009725158562368,3.0464554624236397,2.922734970364098,5.620896374536112,2.0566332508787917,2.5413995362160686,1.9036791410074214,1.8451227057125181,7.2040469973890335,2.5468643490115883,1.4529845586540677,9.163527119194544,2.69563386213674,2.16722972972973,2.7456412705994744,0.9910291552454523,0.5254462800753964,11.889117950228243,10.626339969372129,8.855335968379446,2.184246021041273,6.9432916429789655,2.60715783587306,17.82804577719832,5.620861615182158,6.8313370473537605,7.078815380941008,9.135357192591561,1.9531900716308512,5.297880393641181,4.188035177042352,3.614282214600686,1.212852007189934,5.2334675847732886,5.468815352441875,8.430666473065195,5.188493784330731,2.4569150202332777,3.6677658697444353,5.565107913669065,4.213319924013856,3.7094867807153964,5.3691474966170505,1.7913522925130587,2.9752568369266386,8.69297052154195,4.171835818925696,5.4160913436006375,5.143800322061192,6.494815592597454,2.750157133878064,0.5286757038581856,6.230318471337579,3.504084685306639,8.68239090350338,11134
34,11.100070472163495,22.8317798490901,5.143564356435643,19.25574065736155,18.931557188791917,13.421425758172509,7.951876804619827,9.169703279541904,14.05476772616137,3.133979726751873,17.792427616926503,13.993554327808472,7.626692456479691,16.049145299145298,9.746597277822257,5.783520057824359,10.199825479930192,11.92886345053148,9.374303898170247,15.136029411764707,3.798977853492334,1.949099099099099,2.0630233583076243,4.866306027820711,3.62367758186398,2.4310924369747897,8.275740833751884,28.003080082135522,5.508873456790123,9.158017041053448,5.373987034035657,4.888260254596888,3.2334104938271606,19.481187069422365,14.318506751389991,11.514223194748359,6.287651331719128,19.938622754491018,8.822816759212518,50.81190681622088,15.601818181818182,9.992911153119092,17.07127659574468,12.76112676056338,4.149772209567198,10.833743842364532,13.52999178307313,13.20589406610912,3.667632150615496,19.837890625,9.05538595726123,15.5,6.286627110908261,8.258835758835758,10.896767810026386,16.17146840148699,6.869791666666667,12.679362611737272,11.286573146292586,2.7725455353176365,8.873626373626374,10.691455696202532,8.247706422018348,6.280363636363636,6.911717495987159,13.778195488721805,5.971045576407507,3.75811614083219,13.692278576835731,12.37216602720614,9.26867627785059,11135
35,6.996083550913838,1.355440414507772,4.3390486725663715,15.563325563325563,5.554410552349546,15.307043286867204,2.349625541978715,9.583517089305403,12.644613583138174,5.984978540772532,4.358476190476191,11.629896443043673,3.6117571059431524,6.862353314303838,0.3142563399588759,4.7899740708729475,4.372183708838821,7.1763059701492535,0.6123348017621145,0.18643439584877688,1.4573991031390134,3.14391979301423,0.465143299767622,1.228829993535876,13.216100039077764,1.0879120879120878,2.388343558282209,5.953678474114441,0.7818708609271523,0.13201663201663202,1.9333550065019507,2.1641174038859035,0.184164015553199,0.4133704735376045,0.16511714391967275,0.4079161816065192,0.2267330524703179,0.34637964774951074,4.572525982828739,10.34623217922607,0.00125,8.98569512740277,9.735194266314599,3.2436507936507937,3.50491243058522,7.499395405078597,7.502658486707566,0.3871753246753247,0.10660046728971963,5.195352214960058,3.3946604759141032,5.219664268585132,0.7327876745305729,0.04899135446685879,5.765570599613153,1.157593123209169,3.964532611962729,18.948292220113853,0.5112154407929056,7.612925642807506,6.775348542458809,7.256719184430028,6.540600176522506,5.394536497984774,5.242361470740549,9.617507886435332,4.389001349527665,0.16677336747759283,3.7552083333333335,4.458320973005043,5.673107890499195,11136
36,6.884586015053998,4.962508250825082,0.6897994339854805,3.0278986720232117,4.171553610503282,14.47902140672783,1.2674873446847676,3.561013986013986,1.5025003788452795,0.30147475893363584,2.8555144793592113,1.2674341669974858,0.49037297832544835,1.821063482518684,1.543241965973535,5.230947524568886,1.9729540358744395,0.5883907802918165,4.983168639374525,1.8611914401388086,0.22132162557694474,0.36972222222222223,0.7212349202231159,0.18319409129434555,1.8389875571626078,0.4372064838660809,0.19981647166781372,5.673667439165701,0.3477944740668929,2.1890512642078406,0.4176017601760176,0.17001084598698482,1.6819481830417227,7.5496996996996995,5.343679750994293,1.2584005719538351,1.6154507914659326,7.4594124047878125,0.8375963559915908,7.55219278209228,3.613671922012276,14.68457915710663,4.028053650046074,7.0036787247087675,0.5730100896860987,3.0182229767968307,3.720039980009995,3.2724174492578006,2.397458045409674,0.26877071624153337,0.6418980427856168,7.915041067761807,2.7447201384881708,3.0587301587301585,0.3427178357974206,0.9107039815349106,0.8911853424198414,0.9923257023933403,4.55701993246923,0.5137315748642358,1.0957216355266721,11.928912714135882,3.1937708804828104,11.572504091653029,0.8116522413124919,1.167344078486335,0.30839002267573695,0.07784330244313395,12.472423719055843,1.0427091477716965,2.4919184037454016,11137
37,2.281830695113558,4.211221122112211,1.3775,3.115396482567109,4.263008407180187,7.1171502384737675,0.87432757239327,4.584742755765819,3.7501403705783267,0.2382679929783499,2.322987275538114,1.4713685606898077,1.4672027904272842,2.21733710106383,0.7512199980081665,2.520236731576938,3.8247123658513003,1.2272634166325276,1.6584935064935065,1.3074847067290392,0.48530139562506186,0.26948493683187563,0.4215067611075338,0.22403108917130554,1.4077578937505857,0.6765370705244123,0.21357837452047462,2.0966683242168074,0.871580547112462,1.8699526066350711,0.19649595687331536,0.09844087857061569,0.34081369066838874,5.472890769637662,3.3906973481128104,2.4939387260304167,0.9422120168388826,2.335878629558927,0.33822898799313894,7.707286949361877,1.9533120146185472,7.676982591876209,4.186577181208054,4.9522742549854355,1.0777617087551452,1.9143911439114392,1.4290138391561018,1.7993106089620834,2.089363722697056,0.9624331000411692,0.7679102330488156,5.106173192340669,1.1864948453608248,0.9558043037730387,0.5708974358974359,1.0992822966507176,1.3766891891891893,0.9552330966347639,1.7775702771771182,0.640450621183407,2.2925417916845263,5.45345436207766,2.779726675992683,4.524392376289561,1.330515379914443,1.8336520076481835,0.5975386226760933,0.024230230930720784,6.292750694619854,1.338730135044393,4.050838682957134,11138
38,9.91005291005291,20.95566502463054,24.123499142367066,17.844913151364764,9.494417862838915,29.187116564417177,14.274636510500807,15.474708171206226,10.372197309417041,13.138576779026216,16.033596837944664,4.615866388308977,26.804498269896193,40.401869158878505,7.58955223880597,45.625698324022345,33.522277227722775,23.089147286821706,6.650526315789474,7.048458149779735,16.07650273224044,17.417344173441734,5.867256637168142,11.948811700182816,51.60884955752213,10.175292153589316,3.2954545454545454,2.0611888111888113,35.412238325281805,12.183566433566433,12.641463414634146,9.27927927927928,1.5397727272727273,7.537837837837838,17.38045738045738,15.058084772370487,11.016548463356974,8.068702290076336,20.666666666666668,17.629901960784313,2.211286089238845,10.5850622406639,14.992366412213741,6.657754010695188,4.233684210526316,8.514782608695652,16.083969465648856,11.36283185840708,2.4114052953156824,7.6144,10.715953307392995,12.088105726872246,3.115732368896926,0.6272,14.528604118993135,10.333996023856859,15.417582417582418,7.4035714285714285,1.3266832917705735,36.81043956043956,58.625,19.607876712328768,12.183299389002036,15.954446854663775,44.3902027027027,40.32664233576642,35.45992366412214,2.098901098901099,24.634201585503963,20.10126582278481,12.340153452685422,11139
39,37.656826568265686,18.073073073073072,13.916542473919524,27.959223300970873,17.442122186495176,27.108986615678777,40.99744245524297,19.33385579937304,15.447194719471947,18.311774461028193,14.583959899749374,8.205685618729097,13.419642857142858,16.919327731092437,4.700507614213198,6.4015748031496065,29.09573542210618,18.158610271903324,1.1336405529953917,4.673390970220941,1.6422182468694098,15.195698924731182,2.3652777777777776,13.27677100494234,38.76912568306011,14.282442748091603,8.424074074074074,4.6173913043478265,8.747836835599506,3.8,14.005277044854882,7.2420681551116335,0.00505902192242833,5.023584905660377,3.8921892189218923,12.278571428571428,2.3322147651006713,5.896,14.238028169014084,19.0,0.49320388349514566,21.185512367491167,28.725,12.37874251497006,13.199318568994888,26.51207729468599,12.344202898550725,17.88888888888889,0.4540441176470588,14.85135135135135,23.656342182890857,7.907834101382488,2.3973288814691154,1.9921671018276763,20.179023508137433,14.749482401656314,17.436026936026938,45.78702570379437,5.300995024875622,47.204841713221604,13.446345256609643,13.942148760330578,28.377167630057805,27.089820359281436,14.652777777777779,13.411347517730496,11.92429022082019,5.322162162162162,19.044776119402986,22.598997493734334,29.361596009975063,11140
40,12.807887323943662,3.4338010982306284,13.400756143667296,19.709163346613547,11.277747698971305,21.146428571428572,9.066115702479339,18.09652076318743,20.93515930687535,16.18939929328622,18.194615816040383,11.539290240811154,11.69682151589242,21.882857142857144,1.3259052924791086,11.415369161225515,23.070689655172412,26.331575477916942,10.103174603174603,2.160954712362301,3.016614279299506,11.816042267050912,1.2850327966607036,11.34610552763819,17.5363283416528,3.591358024691358,20.801255230125523,21.885636856368563,2.0023108030040437,0.22072236410069318,17.25763256561328,20.738396624472575,3.1906172839506173,0.21451355661881977,0.8583865351131746,2.938900203665988,2.5663145539906105,0.446459918080749,20.685093167701865,25.915307732772224,0.2145305003427005,23.04322527015794,16.119749216300942,4.18330223880597,9.15527950310559,16.706031746031748,29.51864035087719,4.932708218422504,0.09149762624082866,26.78006230529595,28.742335290280497,16.18059987236758,1.3261997405966277,0.0084985835694051,19.15418939018344,4.324629080118695,6.290950226244344,22.324444444444445,0.24664879356568364,16.227599425011977,16.914070351758795,11.204711160964667,18.431396786155748,7.765895953757226,17.36318407960199,25.845087402049426,7.205218929677134,3.8803131991051454,15.132930513595166,16.04635441815548,11.129419191919192,11141
41,0.0,0.0,0.0,0.0,0.0,0.0,0.0,0.0,0.0,0.0,0.0,0.0,0.0,0.0,0.0,0.0,0.0,0.0,0.0,0.0,0.0,0.0,0.0,0.0,0.0,0.0,0.0,0.0,0.0,0.0,0.0,0.0,0.0,0.0,0.0,0.0,0.0,0.0,0.0,0.0,0.0,0.0,0.0,0.0,0.0,0.0,0.0,0.0,0.0,0.0,0.0,0.0,0.0,0.0,0.0,0.0,0.0,0.0,0.0,0.0,0.0,0.0,0.0,0.0,0.0,0.0,0.0,0.0,0.0,0.0,0.0,11142
42,0.20742753623188406,0.9134311187805579,1.4723554657914668,3.0794889992902768,1.698945615982242,0.5636123928806855,0.7281408534765742,1.7850079744816587,2.4329954954954953,0.0,0.9215729837813819,0.13847385272145143,1.7658585187645301,0.8688668224299065,1.133044733044733,1.4218839747271683,2.2263352723426757,1.364645263575109,0.2299537917912476,0.9516079632465544,0.05895249695493301,0.17373737373737375,0.006125574272588055,0.0007966011683483802,0.23931623931623933,0.0,0.04095185390149419,0.36590996537129666,0.0,6.447902195054182,0.009350393700787402,0.040589198036006545,0.0,0.5615982241953386,0.030829093085902426,0.44026845637583895,0.0,0.840041819132253,0.03879781420765027,0.04445579969340828,0.38115038115038113,0.2274715660542432,0.8113540197461213,1.191977077363897,0.05053946621237933,1.1064425770308124,1.6716692189892803,0.0702469975073646,0.218769422001243,1.5419826652221018,0.4840496233938857,2.6287898760875295,0.04829721362229102,2.4429698708751793,0.013197969543147208,0.3710228766763082,0.3851871515795062,1.1464311994113319,4.345855925639039,0.6607572115384616,0.0,2.273378432152805,0.5240775484677924,1.1605504587155964,0.0,0.38046192259675404,0.36428009441384734,0.2447058823529412,1.1573638197713516,1.022829904666332,0.3497001499250375,11143
43,21.40806572068708,9.966223787417961,7.881097031765319,19.753295978905737,21.79055244195356,18.74908881642049,8.790871501272264,21.424571090514693,19.000835945663532,1.1735713116096282,21.314692256783587,5.818520588783305,8.844944997380829,17.88939216832262,4.099413399197283,5.979136805223762,13.586577181208053,8.153834894613583,8.203802842901975,6.249653686316762,4.9773486278495715,6.408169628936701,2.024714554126319,6.447826884283881,14.470616962396223,1.146038906117846,8.187578814627996,12.121269440941573,2.9642540620384046,12.971839306813706,9.318972033257747,2.722042293770242,4.207600757370841,14.491324514688198,15.870099811948503,7.857617393930243,5.50778065950352,25.261659807956104,8.345041723267999,11.314725857213848,21.788178137651823,22.423841059602648,22.93952596723597,9.964080459770114,5.918672053398911,15.028562883206222,8.840515106488361,7.15533050499521,4.286070016112495,10.660137559808613,8.303579385118075,19.801573641504795,5.8189935064935066,4.655148219610594,6.1811695362183965,7.138561222794484,8.454922610499441,9.371804455075496,4.62426080363912,1.1095423563777995,10.790117647058823,15.822535211267606,18.362376959533357,11.882485451473626,11.863348247576436,10.97517730496454,4.349533715925395,3.19375,19.733059210526317,9.198754078908335,23.04465052378499,11144
44,5.868388067184758,5.861487603305785,4.9758741258741255,14.380666466526568,3.3580118178658322,8.878979143798023,6.354964539007092,6.265853658536585,5.055861070911722,0.5019749835418038,3.9148740012292564,4.9725321888412015,8.137105549510338,11.99627004848937,1.010886469673406,10.041822255414488,16.983997489802324,15.10386352232815,14.777977412731007,3.163376446562287,4.798116925771842,20.367204695524578,1.450921560222889,1.0417055711173357,16.815160349854228,11.047843137254901,10.86829117828501,4.62512291052114,14.390501968503937,24.70398539701856,2.36941636778611,12.016094420600858,1.758193091231178,2.211775043936731,1.1038830055471507,2.24388318863457,0.10668855149774313,16.310567010309278,2.3990540939994087,9.037128712871286,16.9656912209889,16.986070071760235,7.148606811145511,0.9329608938547486,5.14404632645675,3.0019390581717453,11.724268502581756,2.9882264529058116,4.407961891799932,15.780481809242872,12.788166341054982,8.484818805093045,0.824331550802139,9.470268542199488,7.471488521352752,3.8948568533063086,4.449609984399376,14.107569721115539,6.198803659394793,9.380211574362166,0.5371450797355115,9.31631863882444,9.34336442973217,6.527532290958532,1.1677301731996355,12.913449717236292,5.59672514619883,4.459016393442623,6.431845965770171,8.063990692262944,5.331375259156876,11145
45,1.3973017621145374,1.8915329275041506,2.860944206008584,2.808784912867033,2.965998256320837,5.117330462863294,3.5941601928743636,2.5027357579658833,4.599883347914844,2.9330432680686487,3.464351486450934,5.248376623376624,3.0151214675260287,5.802157447785174,4.815891472868217,2.886093012806111,2.78379786402709,6.256648936170213,2.7730125523012554,0.23932926829268292,4.606229372937293,5.82798769771529,5.078887484197219,5.445407279029463,8.72979274611399,8.642875885594332,2.528354978354978,6.9967630556754425,0.66548463356974,0.02685999524601854,7.285072750134723,15.04080799836768,0.5504607283896445,0.0,1.1530549269697594,1.844040762073549,7.4434063000533905,1.1693548387096775,14.770665901262916,12.939723320158103,0.04800221975582686,7.447900053163211,5.7897681854516385,0.40304961310878473,4.097055359246172,3.8521522145976292,8.149383983572895,0.8462152985819852,0.15653775322283608,4.198846597462515,3.988061797752809,7.620757180156658,4.284153005464481,0.0,3.1524452629425004,1.5833544785587415,1.0839024390243903,6.403513371788149,0.10671211326691138,5.371207942636514,3.248158379373849,3.2386363636363638,4.981132075471698,1.7687214611872146,1.7349537037037037,3.2991398534565146,3.462289480107396,1.7341544007209373,6.207728337236534,3.031497797356828,1.4450882275480643,11146
46,0.7210015329586101,14.397058823529411,1.725130890052356,1.4773906597479614,2.874570446735395,1.562408936376882,2.2611862643080123,2.24052812858783,1.2272986864648772,1.3665291691219799,1.2772972972972974,16.744874715261957,1.3207839092315627,1.8016693163751987,26.431339977851607,2.9227082085080887,1.7347145022738757,1.5793699814700433,5.982324584895554,4.151608910891089,22.243093922651934,4.682735426008969,21.996777658431792,1.4235976789168279,4.45351137487636,5.691296180338134,1.0018306636155607,8.722826086956522,0.3790322580645161,0.06729475100942127,3.332367849384504,6.296743063932449,6.148310810810811,0.020441097364174286,3.461157654226961,16.513979496738116,1.393622321873443,1.3755244755244755,5.150916104146576,5.928943628612032,0.36763129689174706,2.9186626746506987,1.2169689119170986,0.27638453500522464,2.505656108597285,2.2866323907455013,4.141025641025641,5.561643835616438,0.4834782608695652,1.4262536873156342,2.9553775743707096,4.562127464465841,19.08747753145596,0.04692791485244315,1.2334142394822007,3.143524699599466,1.4138690148596589,2.8069003895381193,1.76721629485936,4.108666666666666,2.0610889774236387,1.0116022099447515,1.1719214753123142,1.4412307692307693,1.8248373101952278,1.3190767141887305,5.554393305439331,6.81973539140022,9.89569536423841,1.3934335002782414,2.0464426877470356,11147
47,15.444275966641396,41.94243902439025,3.296220633299285,14.106435643564357,9.488970588235293,8.064814814814815,6.748787584869059,7.675944333996024,11.025819265143992,9.85451197053407,6.006622516556291,7.554197229013855,9.523699421965318,23.84070796460177,6.004491017964072,16.307975460122698,15.805251641137856,22.933136676499508,6.61078431372549,10.232615894039736,13.172254335260115,7.232620320855615,5.379888268156424,6.0548523206751055,12.06095406360424,7.25722273998136,10.894919168591224,15.783147459727385,22.46797520661157,7.720689655172414,5.965648854961832,19.352124891587163,2.7446592065106814,10.745247148288973,15.516666666666667,13.884650317892826,8.444565217391304,13.27438370846731,19.569648924122312,42.97714907508161,8.778373547810546,5.906600249066003,8.55397951142632,9.075268817204302,3.6350293542074366,7.764069264069264,14.805362462760675,16.808568824065635,3.5224839400428265,20.019283746556475,17.577571669477233,13.519918283963229,9.427109974424553,3.057823129251701,21.507676560900716,14.916313559322035,6.067157313707452,7.02172096908939,7.257250945775536,43.833090379008745,34.0304114490161,9.293542074363993,3.161,6.967379077615298,19.67870036101083,8.941720629047179,11.654937570942112,6.5166015625,16.533854166666668,3.7167805618830676,8.57204486626402,11148
48,5.1536892213532814,16.22742474916388,6.191953059513831,14.756074766355141,6.445197289756876,9.532370749883558,5.041580041580041,8.72661217075386,15.04164877629884,7.490375360923966,5.947886876390213,8.390279289082336,7.495846086576301,5.769396551724138,7.690272083488632,4.318510072215887,12.171390013495277,5.106978687839532,5.4963892056252375,7.912932138284251,7.195558739255015,16.525992632009824,5.286841161706705,4.172839506172839,12.90783410138249,13.880460873739798,4.71237919926369,9.280614774417451,25.637060960839726,1.9952267303102624,5.609149277688603,6.373853211009174,1.5067297198981449,24.069824418129848,8.051920341394025,9.224969598702877,1.3696619217081851,9.2572,5.265200517464424,15.402451481103167,3.7274436090225564,8.656274664561957,9.197587354409318,9.756213643574828,2.808314087759815,5.77041530564629,8.165538253215978,6.712825585229146,4.449125952487674,8.341554211261052,6.20889049512107,6.783579115185333,8.823788546255507,6.896468144044321,6.562413793103448,10.591646191646191,8.829442771084338,6.837382445141066,10.544124168514413,9.077204388459975,7.473053892215569,11.588058419243985,5.85,9.425949103045474,10.50529436679373,12.218449931412895,5.810191518467852,1.7582542694497154,12.00390964378801,5.921881072677808,12.190114068441064,11149
49,13.564599483204134,15.601411475912856,14.142120765832106,28.7296511627907,18.365704584040746,23.134322820037106,17.428934010152282,21.015903927296332,21.875872199779653,14.104903078677308,13.066018862532152,12.212262579140287,16.864721485411142,20.9125752296484,1.2719264649559556,15.401805869074492,26.31297709923664,26.65200144248107,0.8651982378854626,3.756373023555986,5.529106858054226,34.60144927536232,3.66962816716025,13.232733224222587,37.543137254901964,16.845664280031823,18.1633281972265,4.171863400148478,14.048873373532212,1.2700901607212858,19.597486671744097,9.383536585365853,0.860128617363344,5.4177897574123985,0.8635204081632653,3.0107772697583277,2.632619439868204,1.2808544303797469,18.208973570989553,14.643561103810775,0.25806451612903225,24.223346303501945,19.98746676794531,7.6585895117540685,7.626204238921002,11.545388525780682,19.42287316921159,14.57548032936871,2.44650406504065,27.323529411764707,19.308661417322835,20.31104075979422,3.548232063165122,5.093118686868687,16.103211724352978,10.79556074766355,18.2007377805103,23.850180505415164,5.4516627996906415,27.17795323413301,18.925233644859812,23.534205607476636,16.958254269449714,15.124595469255663,19.980697847067557,23.52664796633941,17.096465147010242,10.079051383399209,26.997682502896872,19.615666384897153,22.30475857242827,11150
50,5.5009891196834815,2.681753215817056,0.6966751918158568,2.466666666666667,2.835725677830941,14.154098360655738,0.5873417721518988,5.0770359501100515,3.5463806970509384,1.3002793296089385,2.0946015424164526,4.219266055045871,0.5362673186634067,6.900733496332518,6.5230618253189405,4.598948374760994,2.410041841004184,1.0106716886377902,13.120645709430756,2.054419410745234,1.8324256388772517,3.305965741287655,3.2567178502879077,0.9464381360471344,3.2222792607802875,3.2699619771863118,2.9148093115403664,13.621423330887747,2.8346828609986505,6.9071176173649675,5.795774647887324,3.550604710375557,7.4970333181195805,14.733968253968253,15.881875563570784,9.74695959199686,4.550118389897396,16.95072175211548,5.329268292682927,33.53422619047619,15.623015873015873,6.793371310201968,2.922391190351337,6.289103690685413,2.034700315457413,1.681013868962219,10.505064456721914,5.476066597294485,4.943988050784167,2.298255486775464,1.7288606589916633,23.59579263711495,2.625638643752903,7.218775510204082,1.518447348193697,1.5008998200359929,1.826012938372489,1.1866372170071784,8.013629480060576,1.9965493443754314,1.0169573643410852,4.7465528562048585,2.0009149130832573,6.837935174069628,0.6157965194109772,1.6251372118551042,0.7919495635305529,0.6900269541778976,5.86431900569653,3.0117691723614275,1.0914918414918415,11151
51,6.610441767068273,4.286549707602339,10.925925925925926,7.9072327044025155,5.559006211180124,1.519447929736512,3.8485714285714288,5.111940298507463,16.11144130757801,0.0,1.1434010152284264,0.12943262411347517,7.626302083333333,2.289855072463768,1.3288590604026846,1.843791722296395,9.563920454545455,3.6470588235294117,0.16450648055832504,4.496463932107496,0.6050531914893617,4.095290251916758,2.187888198757764,0.0,5.2683333333333335,0.9403747870528109,0.1013157894736842,0.3074245939675174,1.36875,4.867692307692308,0.12774193548387097,4.447010869565218,0.09781021897810219,2.5435729847494555,0.8128491620111732,7.078651685393258,0.0,0.9377162629757786,0.0,0.12478031634446397,2.920155793573515,0.9640102827763496,6.915291529152915,1.9001426533523538,0.17771084337349397,6.705992509363296,0.8680851063829788,3.3984615384615386,0.37236533957845436,3.6358768406961177,6.116279069767442,2.156414762741652,4.529801324503311,2.1577380952380953,0.22193548387096773,3.925170068027211,4.552896725440806,2.739782016348774,2.765853658536585,6.32094943240454,0.0,11.041284403669724,0.3373134328358209,11.039252336448598,0.13802435723951287,1.277337559429477,0.9915014164305949,0.3626373626373626,15.48371335504886,3.8199134199134197,9.920840064620355,11152
52,7.718126626192541,11.103781306269438,11.194818871103623,26.395413870246085,16.87478057343476,28.836798014272418,10.852519992560907,36.523956405511,32.01097828738717,17.205733130390666,15.46862896979086,4.40720828355237,19.231907452246435,21.876768109729962,0.26989741775733994,16.769748653500898,20.06206068918224,27.8753216374269,0.40993788819875776,1.428988326848249,3.6388016429089154,19.26126126126126,3.600828729281768,6.633114514952589,20.387368959345437,5.909251412429379,7.778922807699786,3.1523233434149023,3.07986798679868,9.69873417721519,18.089126966036016,20.794300979519146,0.003620689655172414,3.003741314804917,0.20206825232678388,2.167535368577811,7.799777034559643,1.0020833333333334,27.674901960784315,21.736680327868854,1.1272365805168987,14.918926397343663,13.519509754877438,11.866317169069463,5.612850846671306,7.652079637295486,16.743937232524964,10.957256701279885,4.122330097087379,12.914465136422693,16.273333333333333,13.183094555873925,0.8193956430077302,0.23995363214837712,10.032326569136385,5.945780051150895,10.192560728744938,28.320676082426488,2.0575575575575575,22.731140350877194,23.825197889182057,42.70498799679915,15.589601769911505,10.982013144240748,23.08374490015031,25.308695652173913,16.051582909010406,4.071774975751698,25.52204891199692,8.10625120959938,23.034899328859062,11153
53,9.695346795434592,6.6409674981103555,7.3122289679098005,9.520310633213859,7.717074902378417,19.026632615833638,3.1590056285178236,15.126364399664148,9.133225020308693,5.885938180235089,4.2216649949849545,2.2477832512315272,4.112232779097387,19.884770642201836,0.2591602032629045,5.809020436927414,11.688720173535792,20.62400733048259,2.1806853582554515,1.3248829953198127,2.2817524115755625,11.873670212765957,1.6982119494112515,2.1873563218390806,6.561904761904762,4.473684210526316,2.0620106482931413,0.3267219617742517,4.211602043883379,42.91542288557214,10.96027633851468,21.728755948334467,1.960863204096562,1.5145391818629867,2.861748089066135,1.848914858096828,6.879557291666667,8.871457905544148,4.40931832395247,8.781702578594137,8.762055614220344,10.718828451882846,13.030007501875469,6.241684210526316,2.177753544165758,5.476401998889505,18.9182635901447,8.352150537634408,20.31020408163265,3.303238199780461,6.863008130081301,10.129336188436831,0.608120578283605,0.5469613259668509,3.6015125072716696,6.526748971193416,9.519419115163796,11.7737915407855,1.1561338289962826,9.294266137756942,7.319665271966527,8.704874835309617,7.276799044490893,10.54033191817831,5.842794759825328,4.400225479143179,3.893756294058409,4.385509018648731,10.320962888665997,9.43814789219074,9.074967824967825,11154
54,4.275320729237002,1.0424123120973514,7.756161510225485,4.14299818989633,13.807350901525659,7.305324157913799,27.53587623366231,4.565895548545391,11.967260077757315,2.923330106485963,5.1000389256520045,13.7392,4.510204081632653,16.075038453087235,0.0014436958614051972,15.811248966087676,15.43629550321199,10.187415556842309,0.05326379010589537,0.0007196833393306944,0.3322475570032573,8.08434134217067,0.16484161126319907,2.026246719160105,8.750842418235877,0.8338590956887487,2.7210457516339868,1.33411507191995,0.47944051230198853,3.657331136738056,4.4839679358717435,22.95127644055434,0.048515568428674875,0.0,0.2565263718700053,0.34247917687408136,3.863987926806263,0.3065279091769158,11.790080263428688,9.341513292433538,0.18720565149136578,19.215560199324866,13.334774151718175,3.673465140478668,1.568631623749734,11.56129476584022,10.119944694089181,3.759946156147173,0.3251719951436665,5.402712174310529,12.17930755759127,9.18741491453638,0.03303303303303303,0.031148480794955094,4.407345575959933,1.9821830457614404,3.4827963715983734,12.367676195867535,0.01143632486916069,8.705191707943497,9.835795454545455,9.850062214848611,9.212914485165793,3.997796750206555,1.1948004393994873,3.937634765301045,3.856594110115237,6.402394413036249,15.47110167492333,5.924993443482822,1.626125137211855,11155
55,2.6578645235361655,0.26256983240223464,0.7819767441860465,3.4616552771450264,3.56298600311042,2.0032467532467533,1.7642276422764227,7.54071661237785,12.65268456375839,0.36363636363636365,3.25,6.632198952879581,0.9870466321243523,0.5947712418300654,0.055873925501432664,0.07164179104477612,1.0900473933649288,12.868852459016393,2.257188498402556,0.043029259896729774,0.1527777777777778,0.38756613756613756,0.046875,0.649090909090909,0.9212598425196851,0.0,0.7402422611036339,3.311512415349887,0.0,0.25510204081632654,0.2098950524737631,0.8951890034364262,5.922077922077922,0.0,0.007172131147540984,0.003740648379052369,0.043478260869565216,6.607734806629834,2.7968476357267953,5.691256830601093,0.21325051759834368,4.407894736842105,2.2857142857142856,0.12564102564102564,1.6301169590643274,4.492665036674817,8.435897435897436,1.8059880239520958,0.0,1.9703196347031964,1.0843949044585988,3.9597585513078473,0.6931407942238267,0.0711743772241993,1.2420560747663552,0.017721518987341773,1.2048192771084338,2.2074074074074073,0.4616419919246299,0.369472182596291,0.7376830892143809,1.0294117647058822,4.044,0.5990990990990991,0.9040404040404041,0.3333333333333333,0.0,0.0,1.5287187039764358,1.5445652173913043,2.3458574181117533,11156
56,1.7177822177822177,2.423547740930336,2.8626191003766897,1.1509808790663025,3.5330712303422755,2.3546666666666667,1.7507139942880456,3.7087566521528785,5.960589880498348,0.8146351324034768,4.499148211243612,4.2103622906116085,3.7858592692828146,1.58260516155253,14.929456434852119,0.4688466637207247,1.6573248407643313,1.5581218274111674,13.801434977578475,13.368503389535894,18.68243045387994,1.5484281301108487,13.774993607772949,1.495916852264291,1.939352306182532,0.9891986937955287,0.7181752614496935,5.331311245916939,0.0929881337648328,3.068982880161128,2.516962843295638,6.121643286573146,10.638008350085046,0.0,10.476799775028121,26.7623524704941,4.977816026008797,8.181054400336064,9.257729978874591,5.143781942078364,6.400395343729409,2.6032083494395053,1.7804759592034969,4.432748538011696,2.3144178226145438,3.3596316575410654,9.464809873248832,10.330083120204604,4.301549463647199,1.895792783350801,1.7583950404684001,3.809668755595345,33.929562875492024,9.55772622439289,1.806210017163364,2.3889955214331415,4.487045454545455,2.9184983466251704,14.456471494607088,2.82894966033792,1.1802575107296138,2.3624898291293737,2.806341774845712,1.3318100536459367,1.0393798449612404,1.7153748411689962,6.0786937901498925,0.6244601045692203,4.311452755225427,3.2348896127397757,3.8311023622047244,11157
57,5.628325508607198,1.4545454545454546,2.6547619047619047,15.450587422252937,4.583011583011583,4.21077383497221,1.5141914191419141,5.56549815498155,6.3585237258347975,0.0,1.3858695652173914,1.1715355805243446,2.2158684774839172,2.1311697092630157,0.31272563176895307,2.251513483764447,7.68796992481203,11.768145161290322,0.15306122448979592,0.45460440985732814,1.6059945504087194,2.5524899057873487,1.160794941282746,0.001273074474856779,0.6139322916666666,0.0,0.5872667398463227,0.7317541613316261,0.24335173105870547,38.8134328358209,0.5329703569267997,1.361072902338377,0.046811397557666216,0.5958512160228898,0.1661594643944005,0.32751454696591853,0.0,0.8724243752740026,1.393552311435523,3.9107505070993915,4.563782991202346,1.9757727652464494,3.320899940793369,1.345537757437071,1.0353227771010962,3.730769230769231,2.2279260780287475,2.0544105523495464,0.1544461778471139,1.9966348850252384,1.470519556333917,1.9534555712270805,0.268,7.807783018867925,0.2643524699599466,1.4693796918214144,2.120838471023428,3.0603921568627452,1.7462077012835473,2.4541516245487363,0.001669449081803005,2.556350626118068,0.728161668839635,1.981651376146789,0.0,1.903831118060985,0.5890834191555098,0.1441196464989803,3.3707386363636362,3.5212626041209996,1.9580621836587129,11158
58,3.0,1.1955509570615623,0.7881808472766109,7.755057408419901,7.902130492676432,4.022381756756757,3.0495565988523734,2.6152304609218437,6.890047805302043,0.0,2.284182305630027,4.294509151414309,5.401325854156043,4.9889638258736975,1.5991058122205664,3.0079335096335473,13.242367308595584,16.428211586901764,5.360487996851633,0.7579306979014153,0.22439690487027766,3.383442265795207,0.5362014690451207,0.36821192052980134,2.5028380634390652,0.5705558949297496,4.1352824578790885,2.164285714285714,0.15768576290414066,33.54897067997505,4.220261437908497,4.809037900874635,0.3869174861051731,0.14446529080675422,1.2939024390243903,2.373946629213483,0.06987951807228916,15.072463768115941,8.206854838709678,6.247586598523566,29.2565,8.29723991507431,9.085592769803297,2.7542699724517905,1.97524467472654,7.8456167571761055,11.581684567552289,1.2719067318540804,3.98197820620285,2.5717514124293785,1.3276353276353277,3.2049102927289894,0.29594477998274377,35.07486407360937,1.901760130986492,0.40292486132123045,0.21957671957671956,10.3442563917897,27.160032167269804,2.925624321389794,0.0,5.931806615776082,5.928317234367056,3.006919006919007,0.0004957858205255329,11.054368932038836,0.6921140939597316,0.5661874070401587,2.916857012334399,6.451124368976595,6.0562647754137116,11159
59,1.142991533396049,0.8351648351648352,1.3876525484565685,1.900611620795107,5.652682255845942,3.3793103448275863,0.9050131926121372,4.917940466613033,3.4702842377260983,0.36363636363636365,2.7006944444444443,0.18086696562032886,1.7144006436041834,0.7208043310131477,0.10792264504054896,1.5431734317343173,0.7691197691197691,1.4053751399776035,0.8911806543385491,0.7089980855137205,2.1451612903225805,1.0578778135048232,0.08022598870056497,0.0,3.918233082706767,0.9406509253350351,0.05727699530516432,0.424962852897474,0.8962432915921288,6.161087866108787,0.31553100061387357,3.0874499332443257,0.24854932301740812,0.6671664167916042,1.464710252600297,1.1282758620689655,0.0,0.16689944134078213,0.01132342533616419,0.6076388888888888,3.2918596955658503,0.3821138211382114,0.4963621665319321,3.1142284569138274,0.0408745247148289,3.0767018216682644,0.36597938144329895,5.7628667628667625,0.1822721598002497,0.8846611177170036,1.0058214747736094,4.694201747418586,0.7782581840642372,1.299628252788104,0.16517225106182162,0.3348189415041783,2.4794776119402986,1.4030699260943718,0.947565543071161,0.9285083848190644,0.8793103448275862,2.662107803700724,0.5946308724832214,0.5105189340813464,2.515507124895222,0.6318435754189944,0.19230769230769232,0.0010741138560687433,4.839054157131961,0.3971028971028971,1.6791845493562232,11160
60,6.9927771758757675,6.3511221945137155,1.8959424083769634,6.068292682926829,7.05593451568895,18.75199020208206,1.3891108891108892,4.842465753424658,4.636036036036036,0.5165562913907285,2.3947836395969175,1.8180196253345227,1.9859649122807017,1.1729141475211609,1.8768,12.856138900372054,2.7132132132132134,1.955008034279593,2.488515406162465,4.175619834710743,0.7236482796286182,0.5056179775280899,0.6849728424864212,0.04979253112033195,1.9230769230769231,0.1618150684931507,0.6426043878273178,11.793346129238644,0.8343465045592705,2.3282571912013537,0.5986193293885601,0.5754970445996775,1.8620689655172413,11.252277505255782,9.318239526026238,3.0965068087625816,1.3398914518317504,7.5467712733856365,1.5659050966608083,19.431606905710492,6.964131106988249,9.232169954476479,1.7669429546562652,14.330374753451677,0.357504215851602,1.4233055885850179,1.5023696682464456,12.399106780349168,3.4702216066481992,1.2239467849223946,1.3902686264571718,9.156226971260132,6.4828054298642535,4.948871487793643,0.6977351916376306,1.2902264600715136,5.583892617449664,1.311589174184594,12.457639391745111,2.398630858346498,1.7285223367697595,14.366171003717472,1.8837856645789839,9.643843843843843,0.8911845730027548,1.442979053529868,0.8268590455049944,0.10185778347213324,11.560824742268041,2.241652021089631,4.047453703703703,11161
61,8.543896224229789,13.698204616699915,8.418631397354801,10.775602836879433,9.018586227909811,12.834117647058823,5.260049902966454,6.745569240012015,14.444027303754266,1.9852649475772173,4.507017543859649,3.6331768388106416,5.072342959214052,4.598561864616911,4.882523567802756,8.336309523809524,10.388131220051603,3.280430220356768,2.820274457724657,9.334525939177102,3.9195372074677888,3.719811320754717,4.116939890710382,0.3971486761710794,6.338565022421525,3.5201198630136985,2.546870874042778,13.638733705772811,6.08903098868667,8.54435134354233,1.9055194805194806,2.239461883408072,2.499672274415556,13.057834757834758,4.882615156017831,7.459397285484242,1.5773038842345772,5.941483198146003,3.989077321069273,28.801627384960717,6.620938628158845,12.192076830732294,6.653612066684308,8.914186651256863,0.5706264775413712,4.918483412322275,1.6890660592255125,8.318952234206472,3.313702958919851,4.793592113370302,6.530205278592375,9.86080947680158,5.420750068436901,4.826444283297075,2.5497393117831075,11.525937749401436,7.057292969727295,16.675403840292592,4.720183486238532,8.66113875069099,3.0553745928338762,8.60686600221484,4.552712700369914,10.180299539170507,3.2829866058706183,5.565168956554029,7.0659869725290285,1.7211734693877552,12.60702875399361,7.586785527005768,8.231118314424636,11162
62,2.4863013698630136,9.93212669683258,13.237789203084834,13.727883538633819,8.90725806451613,19.855400696864113,18.15971515768057,24.419618528610354,20.62629757785467,19.09591836734694,6.761160714285714,2.810626702997275,13.538461538461538,10.677300613496932,1.8980891719745223,11.763541666666667,20.100694444444443,14.586021505376344,1.8071005917159764,1.1133720930232558,2.7541899441340782,25.683313032886723,3.0602040816326532,3.1129032258064515,11.406639004149378,21.032904148783977,0.75,0.8154205607476636,13.520458265139116,5.7864214992927865,6.639899623588457,3.706703910614525,0.35657686212361334,2.3178694158075603,8.582207207207206,4.952789699570816,3.01620029455081,7.339622641509434,3.622767857142857,2.2635379061371843,4.240266963292547,17.73820395738204,9.63182527301092,6.079903147699758,4.9726277372262775,9.826697892271662,13.166267942583731,7.428191489361702,1.942643391521197,3.5186046511627906,1.586599241466498,11.509146341463415,1.0635118306351183,0.0885478158205431,6.460587326120557,4.887345679012346,16.248164464023496,8.154499151103565,1.3874239350912778,15.00459242250287,14.030523255813954,25.980802792321118,3.8683229813664597,18.502173913043478,15.532490974729242,45.61524163568773,16.51948051948052,2.039092055485498,11.258130081300813,7.916235780765254,11.866666666666667,11163
63,2.501189532117367,7.791563275434243,1.2638888888888888,9.722979109900091,2.693636363636364,5.305305305305305,3.283289817232376,13.958060288335517,3.659316427783903,3.3810032017075775,2.899676375404531,1.7080979284369116,3.9246823956442833,4.988142292490118,4.176585365853659,10.9525,9.96042471042471,4.3238434163701065,2.4427807486631017,6.989295272078501,2.3103057757644394,9.706110572259941,1.5351648351648353,2.258291457286432,3.2598425196850394,6.0912476722532585,7.144171779141105,13.5,4.7518796992481205,2.3425468904244817,3.9944382647385983,25.425053533190578,3.0080645161290325,7.706697459584295,4.065934065934066,8.058823529411764,5.1395348837209305,12.23026851098454,9.363143631436314,45.894563426688634,4.82089552238806,3.923219241443108,1.6273538156590683,7.893414211438475,1.3064066852367688,1.8665254237288136,4.689581095596133,8.239554317548746,2.1800865800865803,4.275347912524851,9.441095890410958,3.0775558166862513,2.64034151547492,1.608695652173913,4.327884615384615,6.319294809010774,5.53956228956229,4.040627885503231,3.7680826636050515,7.6426756985605415,6.546733668341709,9.21957671957672,1.3008130081300813,2.911023622047244,5.988245931283906,8.525,7.1283720930232555,7.802458296751537,6.9328165374677,2.994214876033058,3.425814234016888,11164
64,4.546490066225165,10.028283927114495,17.818591549295775,35.86864837398374,10.46517336606321,21.30003275466754,14.256582976117574,25.107733175914994,16.218861209964412,11.081120943952802,11.137226628214371,1.592152199762188,25.85619174434088,22.80861980502822,3.2170900692840645,20.858387187412195,26.902855267476205,14.130552729738895,5.304779315748237,2.6001062134891133,3.475204017576899,25.640227476803354,3.583516139141335,2.3753954305799647,7.40699688257707,13.733829870638965,3.2515633882888006,5.447888179884534,24.647229474905714,2.308554249795026,7.26247416592855,27.375432525951556,2.0068965517241377,2.695528743789922,7.096388741370154,4.764026402640264,7.807151466452391,8.626223091976517,14.919677419354839,15.458708094848733,5.277241872097178,12.194492254733218,11.914285714285715,5.832404828226555,2.088116661495501,7.989560029828486,17.36440966315073,8.850372736954206,1.8580839967060114,9.64951768488746,5.219512195121951,10.076522305437969,1.7547612071491356,1.3152140904949894,13.319116757410768,15.219853643016226,19.161058309786796,11.493439121147391,2.564824846514987,16.74420507226616,27.60338785046729,21.857247976453273,7.450576606260297,21.362232779097386,29.090855974291557,22.813492063492063,21.003255561584375,5.7482563932248425,22.561534058385803,19.921863260706235,12.594149155335806,11165
65,1.0954198473282444,1.857822913360838,0.3924895688456189,2.5179045092838197,3.3176251331203406,11.159861809045227,1.968944099378882,2.8477246207701286,7.148852825965305,0.043246129204484784,3.868456678700361,11.757633587786259,0.6075187969924812,5.056688558589699,7.678376741368868,0.5468174644923725,2.07703081232493,7.703021882598124,36.176062639821026,4.291876574307305,1.8223888314374355,17.785463818935288,0.5569661458333334,3.067987152034261,26.906156156156158,2.946803946803947,11.345551203133743,10.521312322397314,4.963028953229399,23.725900116144018,13.418624398528163,21.84234234234234,8.770403587443946,0.163855421686747,5.469646939293878,14.996503496503497,1.19240614334471,19.17229129662522,20.578082191780823,29.20508521933501,34.27632344386271,9.470881863560733,7.513056835637481,4.930240103828683,7.797086092715232,3.372216035634744,18.796685787125558,9.596019643318687,40.50112753695816,5.0469638049656,1.3487426974853949,3.569146864043631,7.474762618690654,24.863636363636363,8.39330422125182,0.9961089494163424,1.2591580098414434,2.996830985915493,28.70403709765412,1.1672176308539945,0.11357733175914994,1.5861833105335157,3.675503034174385,2.110567970204842,0.057379564283522554,3.9125766871165646,0.8709433962264151,1.276797829036635,2.348031496062992,1.9083195851991515,3.192698412698413,11166
66,3.146291208791209,5.248995983935743,2.7516722408026757,3.5166802278275022,3.6790322580645163,2.384219554030875,4.0403329065300895,6.746771879483501,7.801310043668122,3.3130434782608695,3.412826899128269,4.828313253012048,3.0810234541577826,4.522596548890715,3.3296610169491525,3.1742222222222223,6.098507462686567,5.574944071588367,6.882072662298987,1.6567735758736237,1.9506472491909386,11.672310756972111,2.3048986486486487,3.195633921074727,8.348914858096828,2.227966101694915,2.6262219666474986,6.002222222222223,5.227091633466135,3.915526472337894,5.207310108509423,10.594864479315264,2.447164179104478,1.475133214920071,2.3931398416886545,3.790255496137849,2.376595744680851,1.0553571428571429,6.150649350649351,10.043443917851501,0.5725806451612904,6.712404712404712,2.646116893514812,3.337784760408484,0.9422110552763819,2.116955017301038,7.230208333333334,6.631578947368421,2.8994343180389692,5.6672760511883,4.284347231715652,3.8372093023255816,3.256637168141593,0.38556701030927837,2.9465909090909093,2.0753462603878114,2.157142857142857,4.6361788617886175,1.61133069828722,4.627255756067206,4.2226179875333925,5.1884200196270855,2.1220125786163524,3.0085978835978837,4.567229977957385,6.054533508541393,2.565610859728507,4.4541832669322705,6.112376613515566,3.8950579621720562,3.057815845824411,11167
67,2.384070251116931,3.1395987908766143,3.1687717770034842,6.188823163138232,4.939972401103955,5.801574485264433,4.136030140789213,8.305446378439079,12.695148001220629,4.087286116525883,2.8087912087912086,6.351776461880089,3.432546374367622,5.144582411974826,5.207064555420219,2.724967205946655,5.033223169246826,8.688361719383618,5.436143652775111,0.5737801293356849,7.376984126984127,0.9004842210719652,9.051436205744823,1.9600718706328608,4.732152739346984,6.440243592996701,1.2933582469848819,9.50724353954581,0.03216734048163122,0.38590673575129536,4.3686665594338105,6.028819762122598,1.072924320352682,0.0,1.1640972040763,3.981318004516526,4.282147903909562,3.0688293370944995,9.763246316877746,7.80407354001442,0.32164531355360754,5.963959854014599,6.21875696146135,0.6986464376022609,2.3546017014694507,4.748610802400534,9.586618152415605,0.37426990470335075,0.4245866043093369,4.553338696701529,2.4122497055359244,7.360135900339751,10.627284016320738,0.004087435578460991,2.801367461430575,2.8199847444698705,3.0270647808625806,7.863324764353042,0.30571478200451624,6.899453092132941,2.411303344867359,6.357376283846872,4.870287698412699,3.1324929971988795,2.7105555555555556,7.504782781984854,5.1575061525840855,1.245985401459854,8.2453300124533,2.4384129846708746,3.275811209439528,11168
68,3.852686308492201,1.4946236559139785,11.956955142727685,8.572782084409992,9.822420634920634,14.703832752613241,6.3042096902303415,9.072337575351641,8.309381980640357,9.847374847374848,3.1775662251655628,5.219895287958115,15.315300365084633,16.41726618705036,0.149289670117987,6.78173719376392,12.73036858974359,28.07305138063614,0.0,0.34089723526343246,1.1426832978399757,7.529487592652272,0.48168355416991426,4.742123687281214,8.90748031496063,6.159435261707989,6.230609597924773,13.988501616960114,2.607539450613676,0.17076753580609622,12.516165244723844,9.571470160116448,0.0,1.1497665110073383,0.04126055880441845,0.29449838187702265,4.89537617554859,0.0024204702627939143,11.969869243888573,19.26001705029838,0.0,18.91329479768786,13.420143884892086,8.4,7.681318681318682,7.860542335362479,27.09867629362214,7.184583579444773,0.07643149284253578,23.499224405377458,21.75709677419355,15.043353636689359,0.33718309859154927,0.6750754044420071,11.651334919376156,1.7933268545513443,6.409785932721713,25.761547127300037,2.821793002915452,20.794548551959114,18.955797565663037,17.577846630518977,7.1028724114896455,4.704619970193741,8.196476964769648,12.96104897801774,5.707060835572929,1.0196335078534031,15.677816345850426,6.759562841530054,4.900568181818182,11169
69,0.11572135515797488,1.1114914425427873,0.19210141394441735,0.3226932668329177,10.257547169811321,1.4582459085186739,4.227525486561631,1.04177545691906,11.388675096206708,0.07004643962848298,1.2135947046843176,8.635028653295128,1.9337217771303714,2.9783870967741937,0.4042649727767695,8.286513994910942,3.2590361445783134,2.585769230769231,1.0444365446142907,0.0004576659038901602,0.7491166077738516,6.7414529914529915,5.147717484926787,4.5742340926944225,5.702282157676349,5.758399065147532,0.3854251012145749,2.866138265081462,0.02948207171314741,0.0,5.973352033660589,15.048987411056377,0.08458498023715415,0.0,0.27967549103330486,0.16211878009630817,3.4660821412090446,0.14956140350877192,17.775255896751222,4.522149302707137,0.14227642276422764,10.674270072992702,4.379528464634848,0.0448642266824085,1.5775401069518717,9.287032291132752,1.6604534005037783,2.7670167250097237,0.0,0.7356143079315708,1.9923617476321418,12.363636363636363,0.30354309888947645,0.0,1.354419154596512,0.17514595496246874,0.022907122032486463,3.2421621621621624,0.0,11.45158002038736,3.1728395061728394,10.252681252681253,6.913818722139673,0.05701311806256307,0.10949271722752386,0.15640449438202247,0.0316288877174486,1.2676236044657097,15.625061425061425,0.2087202260799354,0.026214833759590793,11170
70,3.2747524752475248,6.411323896752706,5.262044653349001,12.056784660766962,5.412487205731832,10.611496127191195,5.7424534360950545,11.052557813594955,6.216818642350558,4.413566739606127,2.953324808184143,1.4354330708661418,6.741470811220622,8.040312093628089,1.6297198538367843,6.562878278412912,5.8,7.441780821917808,3.9563812600969306,0.8179419525065963,1.0368627450980392,6.821792260692464,1.1011342155009451,0.9611734253666955,3.7482088024564995,6.063807531380753,1.6295641931684335,0.9484210526315789,8.140681003584229,1.8079754601226994,3.1714053614947195,17.122156697556868,2.0279369627507164,4.596685082872928,4.406834825061026,2.4794040315512706,1.4433880726015558,7.132214765100671,2.974054054054054,8.601665510062457,3.9063969896519284,5.3564084989718985,5.472431077694235,2.893183415319747,0.6243523316062176,2.4641255605381165,6.4498220640569395,3.6979310344827585,6.384090909090909,4.719146775012697,7.551523947750363,5.641404805914973,1.1317757009345795,0.6389891696750902,6.757122507122507,6.60366870483602,8.394017094017094,8.874664279319607,1.3852459016393444,9.65678776290631,7.37239263803681,5.811491284699806,2.743202416918429,2.9286934244235696,7.531558185404339,9.007334963325183,7.544738725841088,9.451901565995525,7.192449355432781,4.29788838612368,5.132231404958677,11171
71,2.384924623115578,6.352486187845304,0.9441309255079007,1.5391993327773144,1.5445843828715364,2.25402576489533,1.440634595701126,5.218938480096502,4.166015625,0.6214855224506924,3.30811078140455,3.507417397167903,1.012718600953895,2.8598351001177855,38.8690050107373,1.846583850931677,2.0825316455696203,0.8740411788453775,20.954079358002677,12.622082585278276,13.176750216076059,3.9223684210526315,9.525,3.9094184251158004,4.521266540642722,1.5269349845201239,2.6134163208852006,6.550082781456954,0.379133409350057,0.9232315112540193,6.631434184675835,5.070104025327906,12.250194552529184,0.004827586206896552,10.207160096540628,26.413992297817714,7.976513098464318,2.933132530120482,6.364230540701129,2.9744268077601412,1.6803953871499175,2.465333333333333,2.0685096153846154,0.7099780701754386,0.5230660042583393,1.5100334448160535,4.713588283157038,3.708695652173913,13.29125861443598,2.0535885167464114,1.4398305084745762,2.8982695332983743,19.789098318899644,4.844498777506113,1.1911764705882353,3.645242914979757,2.7369747899159664,2.351818181818182,8.866478873239437,1.2578302315024965,2.5671159029649595,1.619047619047619,1.608719052744887,1.5379250217959894,1.4829424307036247,1.9046172539489672,7.7149298597194385,1.9121739130434783,2.952622061482821,2.7981448763250882,2.3930764935790063,11172
72,6.694130925507901,5.281438848920863,0.9504106127605811,2.944479897894065,3.868410927279723,13.375,1.053076923076923,5.740235585864848,3.6947077409162716,0.6250472947408248,2.187774524158126,2.5259146341463414,0.8934617629889083,2.0507845934379456,2.637384792626728,6.774723633104273,3.5513987192450287,1.5093910073989756,2.7712057198570035,1.519758672699849,0.654490106544901,0.6987369985141159,0.7512877115526122,0.3089751364463311,1.325864276568502,0.6445143531262288,0.5337881741390513,3.5615550755939527,1.041623667010664,2.3175853018372705,0.12976610060877924,0.2717241379310345,2.7770734284204965,7.142566881137826,5.061719833564494,3.19500346981263,0.921830985915493,5.058768365114098,0.6865492393915132,15.61501063506533,2.721208307111391,14.095452967719542,2.5599893588720404,5.764992686494393,0.9669989687177725,3.0550395596835225,3.058621764889305,3.7542652724270775,2.8171466845277964,0.6669921875,1.1082276614567974,10.085073068893529,1.6785150078988942,1.720458553791887,1.1140112758404677,1.5112826603325415,1.4793564055859139,1.1221161495624503,3.473277074542897,2.319173363949483,1.4951862704060277,9.675929142063216,1.941445861956166,5.958610271903323,1.5170023109937274,1.0861548776399599,0.6195273149941883,0.18245227606461087,8.773907328294447,2.1470588235294117,3.585546875,11173
73,3.686264397455733,4.416119886593763,3.9857207821737153,5.4007195643718395,8.748862142206939,4.955234893826351,1.8556844547563804,6.185713059156864,10.376337693222354,1.9313104661389622,2.713255261371351,4.034458834412581,3.9644265939898156,5.248221906116643,1.3608056915827405,2.2735001604106513,4.239677967353571,2.9055401894225126,4.381145908040481,1.7510476596349172,1.6025476686428457,1.5578806394910856,2.3420546363986148,0.547438330170778,5.083432468871441,2.374910686944983,1.5218250950570342,7.417984005951274,2.1594454072790294,1.775393784589187,1.5145279278047445,1.3601125351672398,2.2872436565867225,4.248119526017517,1.5776506533185986,2.3759220471723888,0.9473040368871741,2.559546769527483,1.965664200707623,14.681130834976988,1.9696419732717374,6.6210265273915985,6.064243728785495,6.870327329072245,1.2688651794374395,3.5001190476190476,4.109706321553012,2.1047906243574808,0.8614673783159404,6.72312421185372,2.5408316412112653,7.328500572300649,4.011160333958085,3.1213452398098807,3.093705950848808,3.4716417910447763,4.814957983193278,5.42660994005028,6.5040298634088405,3.2429753420168757,2.9207484865162354,6.191892141471973,3.537198875294475,5.033496870241922,3.7217110171599104,2.7503688403658897,1.6895090074178736,0.2793048412839156,6.973733466433741,3.2815587266739845,7.506376668314385,11174
74,6.9358353510895885,8.792421746293245,10.119440914866582,12.750427350427351,5.2796875,11.95863309352518,2.049828178694158,4.296849087893864,12.779179810725552,5.028933092224231,3.4272727272727272,4.644230769230769,3.449584816132859,8.2784,2.34005376344086,2.1403508771929824,4.553511705685619,5.103286384976526,1.5395752895752897,1.6165413533834587,8.255411255411255,10.858168761220826,3.247272727272727,3.421911421911422,16.886477462437394,5.320945945945946,3.403735632183908,5.828393135725429,4.657980456026059,0.012557077625570776,8.284603421461897,3.3564727954971856,0.2533112582781457,4.586994727592267,3.1489726027397262,4.1570605187319885,1.5578512396694215,0.0,5.6255506607929515,10.560625814863103,0.04084720121028744,14.226016260162602,9.660550458715596,6.305343511450381,4.5,11.201183431952662,4.035919540229885,2.6252319109461966,1.2153667054714785,5.4375,5.494835680751174,1.879008746355685,3.356687898089172,0.4444444444444444,4.636729222520107,6.960044395116538,8.001560062402497,13.414728682170542,1.4395604395604396,3.94356005788712,2.8068833652007648,8.650200267022697,4.466988727858293,9.374792703150913,5.098795180722892,7.8240469208211145,11.60759493670886,0.9594356261022927,9.669491525423728,3.7096317280453257,16.65377532228361,11175
